,0,1
0,0.9900990109674777,1.0952400347519772e-09
1,0.990099010790893,1.3020381537265965e-09
2,0.039507263328811916,0.9412722196471314
3,0.9900990035913332,7.215798632372997e-09
4,0.9900990095787531,2.458881993789632e-09
5,0.9900990048829992,5.781462948410075e-09
6,0.9900990111024166,8.189445248507683e-10
7,0.9900990105687993,1.5291366053752613e-09
8,0.9900990100697366,2.701732545861156e-10
9,0.9900990107291857,5.049651216823136e-10
10,0.9900990110815983,7.200566051223194e-10
11,0.0395072633291428,0.9412722196470508
12,0.9900990105602382,4.454557337281088e-10
13,0.9900990103718051,3.814743525227004e-10
14,0.03950726336034552,0.9412722196163879
15,0.9900990110333403,9.978896441412264e-10
16,0.9900990110704524,7.025747760751055e-10
17,0.9900990086996103,3.267129441124702e-09
18,0.03950733294611326,0.9412721536021618
19,0.9900990104512084,4.0859732372548863e-10
20,0.9900990045094219,7.108110773065594e-09
21,0.039507263343005694,0.9412722196319474
22,0.03950726336789589,0.9412722196111535
23,0.03950726333602215,0.9412722196382555
24,0.03950726336116347,0.9412722196157223
25,0.990099008338357,3.599143507850791e-09
26,0.039507263363439835,0.9412722196125815
27,0.0395072633438028,0.941272219630738
28,0.039507263328674845,0.9412722196475558
29,0.0395072737024168,0.9412722122582518
30,0.9900990100394337,2.5808129414384876e-10
31,0.9900990110258064,6.550625847770826e-10
32,0.9900990108542138,1.2324133568207129e-09
33,0.9900990110762133,9.111890211054723e-10
34,0.9900990098835727,1.562908650377332e-10
35,0.9900990098738955,1.4156572439240846e-10
36,0.9900990098778613,3.3676107750572736e-11
37,0.9900990099167034,1.8976787834263355e-10
38,0.03950726335170451,0.9412722196237019
39,0.0395072661867361,0.9412722184846679
40,0.9900990098645164,6.502471445871379e-11
41,0.9900990098625804,7.31294457749712e-11
42,0.9900990098852654,1.5849179986260692e-10
43,0.990099009873246,4.239451072811036e-11
44,0.03950726564161309,0.9412722226384805
45,0.9900990098733851,4.211247460148261e-11
46,0.9900990098848208,2.2308744303751513e-11
47,0.990099010470633,4.1516599260401725e-10
48,0.9900990098633979,6.93727505045293e-11
49,0.9900990098941843,1.170683466239181e-11
50,0.03950726497752044,0.9412722186410987
51,0.9900990099028617,4.3716793988374945e-13
52,0.9900990098953529,1.0770882947340187e-11
53,0.9900990099910324,2.360184429744307e-10
54,0.9900990098940855,8.913041329265252e-12
55,0.9900990098864562,1.9837975458826976e-11
56,0.9900990098940035,1.1748557760570508e-11
57,0.9900990098706699,4.792776133364184e-11
58,0.9900990098836927,2.404931595083086e-11
59,0.9900990098935725,1.0381118046669149e-11
60,0.9900990098935271,1.0563251376649995e-11
61,0.9900990098935294,1.0553047126030782e-11
62,0.9900990098935659,1.0406391452673188e-11
63,0.9900990098935565,1.0442088798563727e-11
64,0.9900990098935674,1.0401960270025846e-11
65,0.9900990098936682,1.0063137512669126e-11
66,0.9900990098938321,9.604798717667443e-12
67,0.9900990098938598,9.532951601299216e-12
68,0.9900990098938681,9.512340465772562e-12
69,0.9900990098940018,9.186161814310971e-12
70,0.9900990098940518,9.069732123918463e-12
71,0.990099009894147,8.855538065671838e-12
72,0.9900990098941465,8.856676834703403e-12
73,0.9900990098941257,8.868488983110359e-12
74,0.9900990098939978,9.195723191641255e-12
75,0.9900990098939422,9.328876500646153e-12
76,0.9900990098939556,9.296072591096285e-12
77,0.9900990098939618,9.281437777234675e-12
78,0.9900990098940425,9.090922644523942e-12
79,0.990099009894125,8.868949540518344e-12
80,0.9900990098939069,9.108935768275742e-12
81,0.9900990098939589,9.28780904118655e-12
82,0.990099009893888,9.46251774159202e-12
83,0.9900990098937307,9.878610947366199e-12
84,0.990099009893674,1.004454905051674e-11
85,0.990099009893702,9.961298245992029e-12
86,0.9900990098937926,9.708845507791845e-12
87,0.9900990098938172,9.644089634695768e-12
88,0.9900990098938289,9.612665729215952e-12
89,0.990099009893854,9.547690943910041e-12
90,0.9900990098938898,9.457683860314966e-12
91,0.9900990098938515,9.554495994050416e-12
92,0.9900990098937804,9.740930810468802e-12
93,0.9900990098939346,9.347035845354156e-12
94,0.9900990098939603,9.284854785406655e-12
95,0.9900990098941459,8.857732143406807e-12
96,0.9900990098940333,8.970884841153022e-12
97,0.990099009894009,8.997711773297544e-12
98,0.9900990098939902,9.018420012452011e-12
99,0.9900990098928149,1.0644890367708407e-11
100,0.9900990098921425,1.1596212348754001e-11
101,0.990099009889544,1.530867330486665e-11
102,0.990099009890189,1.4380891990222077e-11
103,0.9900990098896332,1.5180427947097374e-11
104,0.9900990098851656,2.178308153140978e-11
105,0.9900990098844462,2.288303719829688e-11
106,0.9900990098842217,2.3229138218317592e-11
107,0.9900990098831477,2.4902361428547026e-11
108,0.9900990098840217,2.3538319275865832e-11
109,0.9900990098862436,2.015574586220157e-11
110,0.9900990098766163,3.5908860433685415e-11
111,0.03950726336447413,0.9412722196118292
112,0.03950726335523888,0.941272219620138
113,0.0395072633425362,0.9412722196323048
114,0.0395072640681368,0.9412722190587093
115,0.03950726336599257,0.9412722196120056
116,0.03950726334880947,0.9412722196262495
117,0.03950726334904572,0.9412722196280358
118,0.03950726334305492,0.9412722196314267
119,0.039507263364477845,0.9412722196116304
120,0.03950733328061754,0.9412721532708824
121,0.9900989995769379,1.0229571612551867e-08
122,0.03950726332883514,0.9412722196473721
123,0.03950726332882776,0.9412722196473778
124,0.03950726332915363,0.9412722196470413
125,0.03950726333399781,0.9412722196403212
126,0.039507263328302435,0.941272219647913
127,0.03950726333087908,0.9412722196444863
128,0.0395072633442167,0.941272219630322
129,0.03950726336554151,0.9412722196106597
130,0.0395072633537198,0.9412722196215403
131,0.03950726334385957,0.9412722196306522
132,0.03950726334166844,0.94127221963269
133,0.03950726334279684,0.9412722196316561
134,0.039507263342110084,0.9412722196322842
135,0.03950726335216197,0.9412722196233075
136,0.03950726335408191,0.9412722196216433
137,0.03950726335460655,0.941272219621195
138,0.03950726334931775,0.9412722196257978
139,0.03950726334479174,0.941272219629849
140,0.03950726334820921,0.9412722196267793
141,0.0395072633574399,0.9412722196187939
142,0.03950726335641381,0.9412722196196537
143,0.0395072633651643,0.9412722196126064
144,0.03950726336793159,0.9412722196108504
145,0.03950726336800413,0.9412722196109474
146,0.03950726336465315,0.9412722196129866
147,0.03950726336720506,0.9412722196111871
148,0.039507263367030386,0.9412722196112978
149,0.039507263352216035,0.9412722196232602
150,0.039507263359496024,0.941272219617082
151,0.039507263360665124,0.941272219616122
152,0.039507263363995154,0.9412722196134868
153,0.03950726335940534,0.9412722196171589
154,0.039507263360841954,0.9412722196159864
155,0.039507263361756646,0.9412722196152453
156,0.03950726336436218,0.9412722196132027
157,0.03950726336529444,0.9412722196125112
158,0.03950726336646292,0.9412722196116764
159,0.03950726336032198,0.9412722196164104
160,0.039507263357492,0.9412722196187497
161,0.03950726335635247,0.9412722196197055
162,0.03950726335801892,0.9412722196183099
163,0.039507263356977684,0.9412722196191795
164,0.03950726336332863,0.9412722196140016
165,0.0395072633494043,0.9412722196257192
166,0.039507263349090466,0.941272219626002
167,0.03950726335028344,0.9412722196249467
168,0.039507263352636934,0.9412722196228899
169,0.03950726335351398,0.9412722196221348
170,0.039507263356008106,0.9412722196200024
171,0.03950726335824544,0.9412722196181211
172,0.039507263359065084,0.941272219617437
173,0.039507263355687404,0.9412722196201684
174,0.039507263362605446,0.9412722196145697
175,0.03950726336377891,0.941272219613655
176,0.03950726336452873,0.9412722196130777
177,0.039507263366012,0.9412722196119889
178,0.0395072633649973,0.9412722196127298
179,0.03950726336485654,0.9412722196128304
180,0.03950726382988966,0.9412722192404767
181,0.03950726427132968,0.9412722189175198
182,0.03950726335006474,0.9412722196271952
183,0.03950726334192712,0.9412722196338034
184,0.039507263361999605,0.9412722196169515
185,0.03950726335150181,0.9412722196238799
186,0.9900990103096046,1.7790365135496802e-09
187,0.9900990104777797,1.618043910540568e-09
188,0.03950726333195647,0.9412722196427842
189,0.03950726332911017,0.9412722196467899
190,0.03950726332985769,0.9412722196461801
191,0.9900990077636104,4.127668840977128e-09
192,0.9900990109760772,6.18822039949709e-10
193,0.9900990108142018,5.382053222823644e-10
194,0.9900990109885203,6.269792242196214e-10
195,0.990099011101737,8.2550195237119e-10
196,0.9900990111025879,7.881164309068437e-10
197,0.9900990110916997,7.411890976778541e-10
198,0.9900990110884532,7.335474869890641e-10
199,0.9900990111012326,7.764518781635489e-10
200,0.9900990111021202,8.220582775213004e-10
201,0.9900990110835751,7.236630187134657e-10
202,0.9900990110424481,6.702007702721622e-10
203,0.990099011083902,7.242788571626618e-10
204,0.9900990110191888,6.495771770489545e-10
205,0.9900990109715824,6.159882811736013e-10
206,0.9900990110388627,9.883478199128106e-10
207,0.990099011093473,7.458776049490084e-10
208,0.990099011102542,8.174441434123401e-10
209,0.039507356189092575,0.9412721305929622
210,0.039507266052853575,0.9412722169515502
211,0.9900990073875778,4.473585456855462e-09
212,0.9900990109711776,1.0902955203335884e-09
213,0.9900990109746362,1.0856332244067195e-09
214,0.990099011047397,9.728565017762535e-10
215,0.9900990110635497,9.399925776101192e-10
216,0.9900990110234859,1.0141632282640184e-09
217,0.9900990111026912,8.154478980458461e-10
218,0.9900990110650765,9.365446317520472e-10
219,0.9900990108293443,1.2601646155341034e-09
220,0.9900990109682944,1.0941524852713154e-09
221,0.9900990110212121,6.512264882532035e-10
222,0.990099011007645,6.405829356358488e-10
223,0.990099010979166,6.208024639374227e-10
224,0.9900990109409185,5.979725280898451e-10
225,0.9900990111027005,7.895863394458386e-10
226,0.9900990110447138,6.724422201943e-10
227,0.9900990110149197,6.461715146301293e-10
228,0.9900990110121033,6.439772690270185e-10
229,0.9900990109043013,5.787757161159321e-10
230,0.9900990109066597,5.799517584660121e-10
231,0.9900990109160416,5.847055066961923e-10
232,0.9900990109056776,5.794610215299851e-10
233,0.990099011024578,1.012402047119353e-09
234,0.9900990106423757,1.4558942762887548e-09
235,0.9900990110471244,9.7336713220941e-10
236,0.03950726333267572,0.9412722196418265
237,0.03950726332905626,0.9412722196471484
238,0.039507263329443265,0.9412722196467067
239,0.03950726336416912,0.941272219611913
240,0.03950726336696727,0.9412722196093841
241,0.03950726336645874,0.9412722196098303
242,0.0395072633292417,0.9412722196469027
243,0.039507263330365,0.9412722196455869
244,0.03950726335343794,0.9412722196222968
245,0.039507263353887885,0.9412722196218088
246,0.039507263367355466,0.9412722196118204
247,0.039507263360550916,0.941272219616224
248,0.03950726335607276,0.9412722196199435
249,0.03950726334528814,0.941272219629398
250,0.039507263366729335,0.9412722196095895
251,0.03950726335089829,0.9412722196244067
252,0.03950726336474526,0.9412722196144292
253,0.03950726336681581,0.941272219611438
254,0.039507263361080264,0.9412722196157938
255,0.03950726332906137,0.9412722196467584
256,0.03950726333028499,0.9412722196450414
257,0.9900990098801136,2.1805819590688667e-09
258,0.9900990081085472,3.810430789795701e-09
259,0.990099010243768,1.8412673611515916e-09
260,0.9900990110575638,6.862326449110785e-10
261,0.990099011103112,8.062561464646025e-10
262,0.9900990111031546,8.022830263784068e-10
263,0.9900990110754904,7.099706049314216e-10
264,0.9900990110018543,6.363093898798511e-10
265,0.9900990109801217,6.21421053907557e-10
266,0.9900990108976546,1.182311252316627e-09
267,0.9900990109425069,5.988563813214357e-10
268,0.9900990109949671,6.314070724547056e-10
269,0.9900990110453516,6.730823162389024e-10
270,0.9900990109541006,6.054601201420383e-10
271,0.9900990110843179,7.250706658517962e-10
272,0.990099010857224,5.566565442176908e-10
273,0.9900990110042438,6.380550846074566e-10
274,0.9900990109110319,5.821516709852239e-10
275,0.9900990104284192,4.0086713850597286e-10
276,0.990099010432991,4.024204563204082e-10
277,0.990099010602681,4.599532576715361e-10
278,0.9900990105381853,4.379795007003164e-10
279,0.9900990107689005,5.200658081864351e-10
280,0.9900990108455751,5.515193643367086e-10
281,0.99009901097156,6.159743976427796e-10
282,0.9900990110963989,7.547840306206039e-10
283,0.990099011097454,8.498371998846008e-10
284,0.9900990109333999,5.938523250133695e-10
285,0.9900990107364579,5.076837228640415e-10
286,0.9900990110043986,6.381691528775519e-10
287,0.990099011012078,6.439578162055085e-10
288,0.9900990109947454,1.057646285527264e-09
289,0.990099010033295,2.0383373856288017e-09
290,0.9900990110981349,7.611061430381781e-10
291,0.9900990110990441,8.42404601150153e-10
292,0.9900990110858533,8.878727455663458e-10
293,0.9900990100172377,2.0532850150313777e-09
294,0.03950726851376208,0.9412722145168181
295,0.03950726332881365,0.9412722196473894
296,0.03950726332957472,0.9412722196465518
297,0.9900990092353003,2.7748849781673885e-09
298,0.9900990090474254,2.9475465745278097e-09
299,0.990099011100377,8.350542164182632e-10
300,0.9900990105815272,4.52705671691061e-10
301,0.9900990104173846,3.9711147170272463e-10
302,0.9900990106287246,4.689542566273713e-10
303,0.9900990105014007,4.2555260523997933e-10
304,0.990099010383645,3.8555880671811117e-10
305,0.9900990100006247,2.407246368248554e-10
306,0.9900990098790877,1.4999443405488057e-10
307,0.9900990098671024,1.2719487683336655e-10
308,0.9900990098908398,1.6520756360506376e-10
309,0.9900990098635142,1.1594475211942497e-10
310,0.9900990098630847,1.141829474959727e-10
311,0.9900990099000001,1.7490272591258037e-10
312,0.9900990098759177,1.4502810185581846e-10
313,0.990099009878806,1.4957229717150073e-10
314,0.9900990098620981,1.0941276170690293e-10
315,0.9900990098618434,1.0793240807456227e-10
316,0.9900990098606417,9.516947961074014e-11
317,0.9900990098624808,1.1141343204059019e-10
318,0.9900990098627406,1.126540343630238e-10
319,0.9900990098619216,1.0840237116916874e-10
320,0.9900990098611296,1.0262577693869608e-10
321,0.9900990098607696,9.822251412836777e-11
322,0.990099009860703,9.692430202600169e-11
323,0.9900990098636673,6.825727258155625e-11
324,0.9900990098620913,7.575707021641166e-11
325,0.990099009862075,7.585143833324767e-11
326,0.9900990098611053,8.294977251842665e-11
327,0.9900990098622255,1.1010611113480365e-10
328,0.9900990098610155,1.0147555161035766e-10
329,0.9900990098623834,1.1092669312702627e-10
330,0.9900990098609692,1.0096451666918202e-10
331,0.9900990098606762,9.627060934216909e-11
332,0.9900990099061964,1.8076591980839737e-10
333,0.9900990099534871,2.1537267235247465e-10
334,0.9900990100544015,2.64189537213417e-10
335,0.9900990109093732,5.813140561430779e-10
336,0.9900990108880726,5.708749612632197e-10
337,0.990099010881529,5.677769026732927e-10
338,0.9900990110218838,6.517793516459206e-10
339,0.990099010568047,4.4811063014891317e-10
340,0.9900990106604916,4.800844429058342e-10
341,0.990099010711792,4.985364979542713e-10
342,0.9900990106449019,4.745988441215679e-10
343,0.9900990108251716,5.427809113300581e-10
344,0.9900990105635169,1.5343423121387853e-09
345,0.039507263331502,0.9412722196433922
346,0.03950726332942741,0.941272219646232
347,0.03950726332857286,0.9412722196475762
348,0.039507263333903676,0.9412722196404119
349,0.03950726332882334,0.9412722196471128
350,0.03950726333281307,0.9412722196420084
351,0.039507263328739634,0.9412722196472819
352,0.039507263351288034,0.9412722196243304
353,0.03950726333024768,0.9412722196453035
354,0.03950805603331005,0.9412714388941307
355,0.039508311786787306,0.9412711861643981
356,0.9900990106986206,1.398776474059224e-09
357,0.03950741232907648,0.9412720750641407
358,0.9900990062927555,5.480099692128166e-09
359,0.039507307465938384,0.9412721788559356
360,0.03950726376222928,0.9412722192169936
361,0.03950738668445399,0.94127210042416
362,0.9900990096076849,2.926098763641689e-10
363,0.9900981522078969,8.508709932371722e-07
364,0.039507269157050474,0.9412722138803424
365,0.03950726332913227,0.9412722196470664
366,0.9900990092093087,2.798776198072653e-09
367,0.9900990096251642,2.4161103434599366e-09
368,0.9900990109939631,1.0587662414148123e-09
369,0.9900990096796086,2.3659026941973043e-09
370,0.9900990098715348,2.1885281913661708e-09
371,0.9900990109422678,5.987231119055648e-10
372,0.9900990107427893,5.100666097301273e-10
373,0.9900990106878571,4.898423294489705e-10
374,0.9900990105343866,4.366942604722674e-10
375,0.9900990111025852,7.880835030609095e-10
376,0.9900990110999424,8.37603155329672e-10
377,0.990099010801129,1.2909998157522787e-09
378,0.9900990110645933,6.947554597623334e-10
379,0.9900990110968804,7.564405442086991e-10
380,0.03950784107003137,0.9412716513356795
381,0.9900990080812377,3.835543182694709e-09
382,0.9900990046703597,6.962350124114008e-09
383,0.039507263366847074,0.9412722196095396
384,0.039507263365658796,0.941272219610695
385,0.039507263340579135,0.9412722196337273
386,0.9900990104982476,1.5981855344708682e-09
387,0.9900990084106336,3.5327053766122855e-09
388,0.03950726366847893,0.941272219309624
389,0.9900990108321157,1.2571003473305013e-09
390,0.03950726332868701,0.9412722196475116
391,0.039507263330322964,0.941272219645637
392,0.0395077657386568,0.9412717257806414
393,0.9900990107889774,1.3040957862492092e-09
394,0.9900990110481681,9.714046831262155e-10
395,0.9900990103957067,1.6970397359432532e-09
396,0.9900990019918382,9.191832700787777e-09
397,0.039507490956748464,0.9412719973365299
398,0.9900990102964751,1.791475759557442e-09
399,0.03950726344601662,0.9412722195293644
400,0.03950754029460183,0.9412719485736152
401,0.03950736193372577,0.941272124908492
402,0.03950726332887058,0.9412722196471067
403,0.03950726333296059,0.9412722196418203
404,0.03950726332895212,0.9412722196472589
405,0.03950726364782892,0.9412722193300282
406,0.03950726341385367,0.9412722195611192
407,0.9900990102221904,1.8615905067743792e-09
408,0.03950726404681669,0.9412722189356946
409,0.039507486642681514,0.9412720016005756
410,0.9900990100664272,2.007462575928806e-09
411,0.039507263330181494,0.9412722196451827
412,0.03950726332860897,0.9412722196474704
413,0.03950726333011774,0.9412722196452713
414,0.039507263342896164,0.9412722196315665
415,0.039507263347203045,0.9412722196276783
416,0.03950726336376049,0.9412722196153462
417,0.03950726336022707,0.9412722196185308
418,0.03950726335033229,0.9412722196269709
419,0.03950726336390722,0.9412722196135549
420,0.039507263352316815,0.9412722196253236
421,0.03950726334801438,0.9412722196288854
422,0.03950726334408974,0.9412722196320711
423,0.039507263364205056,0.9412722196149391
424,0.039507263365591745,0.9412722196136243
425,0.039507263366044425,0.9412722196119658
426,0.039507263343037925,0.9412722196319121
427,0.039507263343078025,0.9412722196318734
428,0.03950730035366423,0.9412721878761451
429,0.039507263341991374,0.94127221963278
430,0.039507263338885344,0.941272219635599
431,0.039507265570918895,0.9412722176279011
432,0.03950726045894955,0.9412722232265054
433,0.039507263334338176,0.9412722196399607
434,0.0395072643093602,0.9412722190238948
435,0.03950726333435923,0.9412722196399436
436,0.03950726335149439,0.9412722196260079
437,0.03950726336798158,0.9412722196108648
438,0.0395072633597103,0.9412722196189908
439,0.03950726336601457,0.9412722196132056
440,0.03950726336634868,0.9412722196128745
441,0.039507263365802424,0.9412722196134149
442,0.03950726336769974,0.941272219611415
443,0.039507263364784294,0.9412722196128859
444,0.03950726336795853,0.941272219611052
445,0.039507263366030554,0.9412722196119735
446,0.03950726336387633,0.9412722196152451
447,0.03950726336794903,0.9412722196110642
448,0.03950726336704472,0.9412722196112903
449,0.0395072607694331,0.941272222836353
450,0.03950726333945022,0.9412722196350892
451,0.039507263336432764,0.9412722196378853
452,0.039507263360906555,0.9412722196179375
453,0.039507263367840544,0.9412722196108647
454,0.0395072633678303,0.9412722196108698
455,0.03950726336692785,0.9412722196113579
456,0.03950726335180338,0.9412722196236174
457,0.03950726336623278,0.9412722196100335
458,0.03950726336088822,0.9412722196159503
459,0.03950726336485941,0.9412722196143211
460,0.03950726336794164,0.9412722196108622
461,0.03950726336017545,0.9412722196165253
462,0.039507263334245694,0.9412722196404363
463,0.03950726333047428,0.941272219645451
464,0.03950726369039487,0.9412722192879738
465,0.9900990090580298,2.937802545240807e-09
466,0.9900990110746256,7.086493615461099e-10
467,0.9900990095641132,2.4723691125424564e-09
468,0.990099010132845,1.945422544123344e-09
469,0.9900990105433763,1.5541340863549756e-09
470,0.03950726334553048,0.9412722196291061
471,0.039507589038782584,0.9412719004008141
472,0.03950726332996632,0.9412722196454789
473,0.9900990102743485,1.8124056689841082e-09
474,0.039507306949585486,0.9412721794974257
475,0.03950757076766217,0.9412719184574944
476,0.03950726332999012,0.9412722196454465
477,0.03950733346952483,0.9412721530837989
478,0.03950726332860808,0.9412722196474717
479,0.039507263367671484,0.9412722196109331
480,0.03950726336777314,0.9412722196113263
481,0.03950726336620146,0.941272219613026
482,0.0395072633561531,0.9412722196198762
483,0.039507263367524754,0.941272219611009
484,0.039507263366507,0.9412722196127175
485,0.039507263966714154,0.9412722191359179
486,0.0395072633664494,0.9412722196127774
487,0.03950726336554484,0.9412722196136699
488,0.03950726335294238,0.9412722196226296
489,0.03950726336210811,0.9412722196140819
490,0.039507263329789905,0.9412722196462914
491,0.9900990109204043,5.869595817382072e-10
492,0.9900990107362295,5.075980569889914e-10
493,0.9900990104524394,4.090140216955932e-10
494,0.9900990110997805,8.385108377659632e-10
495,0.9900990103475279,3.730382431774523e-10
496,0.9900990102756576,3.474273804149324e-10
497,0.9900990101050463,2.8305862582271795e-10
498,0.990099009927548,1.9811263234828212e-10
499,0.9900990099036452,1.784093237232465e-10
500,0.9900990098606437,9.52515312968126e-11
501,0.9900990098606482,9.002534888436217e-11
502,0.990099009861836,7.73000643387518e-11
503,0.9900990098656445,6.122240564210838e-11
504,0.9900990098782442,3.3003752302012285e-11
505,0.9900990098813846,2.7719551016564917e-11
506,0.9900990098894227,1.5484074435384845e-11
507,0.9900990098926157,1.0926346952264367e-11
508,0.9900990098940051,9.002097681845244e-12
509,0.9900990098935423,1.1496014079491301e-11
510,0.990099009895787,1.0269165638751619e-11
511,0.9900990098964964,9.335354390555221e-12
512,0.9900990098953141,1.08134553549516e-11
513,0.9900990098953949,1.072528862508179e-11
514,0.990099009895764,1.0296602801738165e-11
515,0.99009900989696,8.661803217754929e-12
516,0.9900990098971132,8.428673257906409e-12
517,0.9900990098974237,7.946635064289243e-12
518,0.9900990098978306,7.279776223316068e-12
519,0.9900990098980953,6.828749051793338e-12
520,0.9900990098981184,6.788833154177007e-12
521,0.9900990098976504,7.574241758571159e-12
522,0.9900990098968769,8.785774137097667e-12
523,0.9900990098965844,9.207794387816002e-12
524,0.9900990098960709,9.90994164376423e-12
525,0.990099009895505,1.0602007563091865e-11
526,0.9900990098949868,1.1143035351491493e-11
527,0.9900990098956262,1.0461868517256965e-11
528,0.9900990098955074,1.0599278870698128e-11
529,0.9900990098952889,1.0839963456213545e-11
530,0.9900990098961641,9.788090141487885e-12
531,0.9900990098952214,1.091073269901123e-11
532,0.9900990098949807,1.1148139330634426e-11
533,0.9900990098944887,1.154704749514785e-11
534,0.9900990098943913,1.1607829613358405e-11
535,0.9900990098942627,1.167424495863594e-11
536,0.9900990098943317,1.1640412475130403e-11
537,0.9900990098941883,1.1705367540506904e-11
538,0.9900990098940391,1.1744633995451605e-11
539,0.9900990098947734,1.1333769309874371e-11
540,0.9900990098948885,1.1233298588520832e-11
541,0.9900990098946767,1.1412320423789168e-11
542,0.9900990098943598,1.1625463173563154e-11
543,0.9900990098942015,1.1700203694862283e-11
544,0.9900990098939065,1.174478384919084e-11
545,0.9900990098934641,1.1260192014148017e-11
546,0.9900990098934564,1.118532697250921e-11
547,0.9900990098935166,1.0610256184890493e-11
548,0.9900990098934694,1.0884863393362249e-11
549,0.9900990098936532,1.0109306257631224e-11
550,0.9900990098939233,9.374578573446411e-12
551,0.9900990098902986,1.4223173151414382e-11
552,0.9900990098888124,1.6368320707057018e-11
553,0.9900990098858364,2.076740677124268e-11
554,0.990099009888076,1.744304540122727e-11
555,0.9900990098831793,2.485224684971384e-11
556,0.9900990098813175,2.782862901179063e-11
557,0.9900990098778333,3.3725030594673846e-11
558,0.990099009874887,3.9147383099916836e-11
559,0.9900990098735006,4.187849810978717e-11
560,0.9900990098727012,4.351659754889691e-11
561,0.9900990098719036,4.5203002218375944e-11
562,0.9900990098682021,5.3911327956028515e-11
563,0.9900990098724802,4.39780349719173e-11
564,0.9900990098653282,6.224291289777363e-11
565,0.99009900986343,6.923696519054056e-11
566,0.9900990098608156,9.896341548983507e-11
567,0.9900990098643027,1.188603319094056e-10
568,0.9900990098645839,1.198212968635507e-10
569,0.9900990098620155,1.0894807515506888e-10
570,0.9900990099165748,1.8966378386180028e-10
571,0.9900990099249972,1.962228100320929e-10
572,0.9900990098686812,1.3106091693588155e-10
573,0.9900990098613786,1.0475116524815354e-10
574,0.990099009861743,1.0730561160029157e-10
575,0.9900990098630379,1.1398147153690233e-10
576,0.9900990099085228,1.828519047313909e-10
577,0.9900990099582767,2.1824474483546342e-10
578,0.9900990099179054,1.907352004978376e-10
579,0.9900990099040753,1.7881185807513075e-10
580,0.9900990099154471,1.8874441091241337e-10
581,0.990099009868798,1.313301457264316e-10
582,0.9900990098630097,1.138593906474052e-10
583,0.9900990098615586,1.0607526951221881e-10
584,0.9900990098717798,1.376266472987476e-10
585,0.9900990098650004,1.2118106929712026e-10
586,0.9900990098680865,1.296554768936714e-10
587,0.9900990099202146,1.9256214355960297e-10
588,0.9900990099510422,2.138737667669894e-10
589,0.9900990099535883,2.1543413400329067e-10
590,0.9900990099516808,2.1426753280809223e-10
591,0.9900990098817543,1.5382613161076912e-10
592,0.9900990098765782,1.461054561293744e-10
593,0.9900990098883801,1.6233581781691472e-10
594,0.9900990098673597,1.2785621314266194e-10
595,0.9900990098714333,1.369452021511992e-10
596,0.9900990098651672,1.2170648565055007e-10
597,0.9900990098695228,1.329597227320413e-10
598,0.990099009870868,1.35807564257707e-10
599,0.990099009904134,1.78866554067177e-10
600,0.9900990099465674,2.11069577115279e-10
601,0.9900990099742862,2.272994832102835e-10
602,0.9900990100643785,2.6811205143995896e-10
603,0.9900990101793151,3.108077643199055e-10
604,0.9900990101511999,2.993955549170338e-10
605,0.9900990099062367,1.8080271884293085e-10
606,0.9900990099151167,1.8847309755210275e-10
607,0.9900990099172239,1.90188227558689e-10
608,0.9900990101188503,2.878062137664853e-10
609,0.9900990100775466,2.7312435494493774e-10
610,0.9900990101789624,3.1066705614538126e-10
611,0.9900990100943994,2.7929191916627003e-10
612,0.9900990100640806,2.679965132213705e-10
613,0.9900990100081548,2.4429067530448585e-10
614,0.9900990100264454,2.5253806676788375e-10
615,0.9900990100812374,2.744977893607035e-10
616,0.9900990101116013,2.853314774073952e-10
617,0.9900990099459548,2.1067915306847136e-10
618,0.9900990099443584,2.0965454186449726e-10
619,0.9900990099891009,2.3504692127921275e-10
620,0.9900990100678619,2.6945556356937977e-10
621,0.9900990100624463,2.6736105582701206e-10
622,0.9900990100743537,2.719253725823129e-10
623,0.9900990108317775,5.455762009174161e-10
624,0.9900990107705412,5.207041051765408e-10
625,0.9900990108152377,5.386339985830385e-10
626,0.9900990108894654,5.71540554369112e-10
627,0.9900990106998095,4.941634933080158e-10
628,0.9900990106901206,4.906576718433038e-10
629,0.9900990109707967,6.154987714383921e-10
630,0.9900990111026275,8.163329271310564e-10
631,0.9900990110633631,6.932024075975069e-10
632,0.9900990107873411,5.273157475963949e-10
633,0.9900990109722456,6.164029863187807e-10
634,0.9900990109066696,5.79956647200603e-10
635,0.9900990103008536,3.5653286809299887e-10
636,0.9900990099637956,2.21456122667913e-10
637,0.9900990099484749,2.1227486041604028e-10
638,0.9900990098780065,1.483559227201771e-10
639,0.9900990098781949,1.4864519346615183e-10
640,0.9900990098805033,1.520629371722168e-10
641,0.9900990098967118,1.7158212498672892e-10
642,0.9900990098824806,1.5482372029036616e-10
643,0.9900990098835326,1.5623765325151306e-10
644,0.9900990098693224,1.3251636712268823e-10
645,0.990099009869182,1.3220259994724079e-10
646,0.990099009867736,1.288000180598504e-10
647,0.9900990098606284,9.45863851573168e-11
648,0.9900990098648023,6.401526316032256e-11
649,0.990099009867203,5.6598503502752265e-11
650,0.9900990098657761,6.080661353668577e-11
651,0.9900990098647809,6.408934346505977e-11
652,0.9900990098660092,6.008398488297272e-11
653,0.9900990098695817,5.04675863892321e-11
654,0.99009900987263,4.3664700765635784e-11
655,0.9900990098706249,4.802941523067483e-11
656,0.990099009869894,4.9723594626184704e-11
657,0.9900990098718752,4.5264081326645395e-11
658,0.9900990098722992,4.435947782741637e-11
659,0.9900990098737433,4.139046177854045e-11
660,0.9900990098732002,4.248788149594859e-11
661,0.9900990098740986,4.0684148513086646e-11
662,0.9900990098717297,4.557755740756052e-11
663,0.9900990098705432,4.821609967596695e-11
664,0.9900990098707572,4.772957109150295e-11
665,0.9900990098669573,5.728859589828278e-11
666,0.9900990098682763,5.37185501224505e-11
667,0.9900990098677804,5.502309769971761e-11
668,0.9900990098704119,4.851725298379892e-11
669,0.9900990098705715,4.815107940478433e-11
670,0.9900990098702253,4.894890020863686e-11
671,0.9900990098652133,6.262157091840247e-11
672,0.9900990098628246,7.193819824808476e-11
673,0.9900990098606454,9.013008547417349e-11
674,0.9900990098608019,8.665565567028873e-11
675,0.990099009860642,9.025996257263334e-11
676,0.9900990098606937,8.872154773789089e-11
677,0.9900990098664324,1.2540548417251295e-10
678,0.9900990098753737,1.4412215789436077e-10
679,0.9900990098737263,1.4126356887495298e-10
680,0.9900990099170616,1.9005753620289087e-10
681,0.9900990099036335,1.7839829395493392e-10
682,0.990099009885906,1.593031866613798e-10
683,0.9900990098895824,1.6375639603751988e-10
684,0.990099009896694,1.7156374885342076e-10
685,0.9900990098974762,1.723685454965989e-10
686,0.9900990098729308,1.3981417402803444e-10
687,0.9900990098638291,1.1715378523808482e-10
688,0.9900990098651633,1.2169449888740807e-10
689,0.9900990098648241,1.2061396422062235e-10
690,0.9900990098625521,1.1176262526372416e-10
691,0.9900990098618134,1.0774654792125407e-10
692,0.9900990098620603,1.0920277866389298e-10
693,0.9900990098638514,1.1723618584888298e-10
694,0.9900990098622113,1.1002940680468237e-10
695,0.9900990098702349,1.3449320441683744e-10
696,0.9900990098672814,1.2765598241365805e-10
697,0.9900990098624451,1.112366011431019e-10
698,0.9900990098831001,1.5566094364075221e-10
699,0.9900990098728559,1.396753660093935e-10
700,0.9900990098675018,1.2821578555598613e-10
701,0.9900990098792479,1.502327180144289e-10
702,0.9900990098805176,1.5208361049275088e-10
703,0.9900990098789506,1.497897842166325e-10
704,0.9900990098707609,1.355885375401075e-10
705,0.9900990098700829,1.3417146130285388e-10
706,0.9900990098689307,1.3163445859132993e-10
707,0.9900990098819755,1.5413172018144731e-10
708,0.9900990099146285,1.880703356265187e-10
709,0.9900990098974994,1.7239218874824864e-10
710,0.9900990099128829,1.866137533943729e-10
711,0.9900990099316233,2.0104924829448353e-10
712,0.9900990099552092,2.1641471797196266e-10
713,0.9900990099585237,2.1839066385514556e-10
714,0.9900990100999371,2.81262960336978e-10
715,0.9900990100302627,2.541923299047805e-10
716,0.9900990099755687,2.2799229724259665e-10
717,0.9900990099778799,2.2922972910488052e-10
718,0.9900990099770692,2.287973058965108e-10
719,0.9900990100997623,2.812011677283327e-10
720,0.990099010153298,3.0026151840989215e-10
721,0.990099010255088,3.3987062268015535e-10
722,0.9900990102017797,3.1965609228826185e-10
723,0.9900990099544802,2.159750273240282e-10
724,0.990099010029531,2.538769577677041e-10
725,0.9900990100731788,2.7148158777338585e-10
726,0.9900990101437527,2.9630159444653797e-10
727,0.990099010156893,3.017395874179129e-10
728,0.9900990103759204,3.8289606334789474e-10
729,0.9900990104667466,4.138529061348895e-10
730,0.9900990106036932,4.603013225376386e-10
731,0.9900990106531589,4.774981525949236e-10
732,0.9900990104268963,4.003493426085361e-10
733,0.9900990101728692,3.0822653615437573e-10
734,0.9900990100780345,2.733066489762614e-10
735,0.9900990100426226,2.594064847280627e-10
736,0.9900990100845919,2.7573477249632845e-10
737,0.9900990100469678,2.6119108917899264e-10
738,0.9900990100608266,2.667284087083686e-10
739,0.9900990100797543,2.739474919458708e-10
740,0.9900990099362974,2.0430219320920432e-10
741,0.9900990099204143,1.9271827091317605e-10
742,0.9900990099328622,2.0192310916975454e-10
743,0.9900990098940092,1.6872518918990798e-10
744,0.9900990098983597,1.7326630501737117e-10
745,0.9900990099090301,1.8329912935390223e-10
746,0.9900990099165908,1.8967689783787086e-10
747,0.9900990099669014,2.2322020785363473e-10
748,0.9900990099549541,2.1626112691961063e-10
749,0.9900990099662235,2.2283772484664128e-10
750,0.9900990099785523,2.2958701912316957e-10
751,0.990099010041623,2.589925437484306e-10
752,0.990099010070643,2.705190140778711e-10
753,0.9900990100823231,2.748993263044343e-10
754,0.990099010191924,3.1580134824367057e-10
755,0.9900990104612204,4.1198483054866876e-10
756,0.9900990104603985,4.1170680229281663e-10
757,0.9900990106428769,4.73889678179659e-10
758,0.9900990102153209,3.2488787657294943e-10
759,0.99009901014041,2.949425320500078e-10
760,0.990099010173176,3.0834990609419195e-10
761,0.9900990101162023,2.869068308192892e-10
762,0.9900990101747875,3.089968336135314e-10
763,0.990099010257665,3.4082399194348614e-10
764,0.9900990102028987,3.200912454248752e-10
765,0.9900990102227448,3.277263777848804e-10
766,0.9900990101664483,3.0563515562789214e-10
767,0.990099010216112,3.2519128365379636e-10
768,0.9900990101796653,3.109474542612568e-10
769,0.9900990102788985,3.4860742713088044e-10
770,0.990099010162434,3.0400446924955894e-10
771,0.990099010122794,2.891360144532681e-10
772,0.9900990101252413,2.899555883274479e-10
773,0.9900990101401775,2.948672876301007e-10
774,0.9900990100904004,2.778520088091472e-10
775,0.9900990100655725,2.68574021258383e-10
776,0.9900990100968405,2.8016404610192733e-10
777,0.9900990100827699,2.750642272009284e-10
778,0.9900990100957116,2.797613432658301e-10
779,0.9900990100149302,2.4741088595589404e-10
780,0.9900990100339951,2.5578927056574543e-10
781,0.9900990100346091,2.5605006545868063e-10
782,0.9900990101202455,2.8827795463510716e-10
783,0.9900990105188823,4.3145421557494073e-10
784,0.9900990104372634,4.0387090179103436e-10
785,0.9900990106101129,4.625120680541202e-10
786,0.9900990106427467,4.738441586569563e-10
787,0.9900990106730799,4.84551268019112e-10
788,0.9900990105485908,4.4150356663190977e-10
789,0.9900990105679138,4.4806531487598727e-10
790,0.9900990106382964,4.72288434173407e-10
791,0.990099010451392,4.0865943309637935e-10
792,0.9900990103022608,3.5703696407187726e-10
793,0.9900990100658676,2.686879937106995e-10
794,0.9900990100237219,2.5134441356522044e-10
795,0.9900990100424634,2.59340661987899e-10
796,0.9900990100360613,2.566648232353695e-10
797,0.9900990099403993,2.0706424646598666e-10
798,0.9900990098617088,1.0708453802566472e-10
799,0.9900990098613128,8.107005254660983e-11
800,0.9900990098615183,7.946313836848291e-11
801,0.9900990098643978,6.545376338653332e-11
802,0.990099009864823,6.394356916301291e-11
803,0.9900990098733053,4.22741534742793e-11
804,0.9900990098748065,3.9302487416783266e-11
805,0.9900990098796529,3.0586580264653766e-11
806,0.9900990098754584,3.805803573313157e-11
807,0.9900990098754017,3.8165046154075255e-11
808,0.9900990098759167,3.719800118962686e-11
809,0.9900990098778731,3.365493792805303e-11
810,0.9900990098775531,3.422127173955355e-11
811,0.9900990098792148,3.132937272464697e-11
812,0.9900990098830453,2.5062938722965974e-11
813,0.990099009884963,2.209153632928951e-11
814,0.9900990098870794,1.8910851609443753e-11
815,0.9900990098917481,1.2155264289226185e-11
816,0.9900990098923348,1.1323699067304165e-11
817,0.9900990098927447,1.0743806398022772e-11
818,0.990099009890567,1.3838628845061214e-11
819,0.9900990098915341,1.2459486803489294e-11
820,0.9900990098919981,1.1800913716221023e-11
821,0.9900990098925073,1.1079530159426452e-11
822,0.9900990098938863,9.128933379745588e-12
823,0.9900990098940631,9.043709035887946e-12
824,0.9900990098940315,9.116372259094986e-12
825,0.9900990098940933,8.904438501541237e-12
826,0.9900990098934206,9.790005586585455e-12
827,0.9900990098914246,1.2615170652286915e-11
828,0.9900990098901413,1.4449346168426542e-11
829,0.9900990098884827,1.684851955315498e-11
830,0.9900990098895405,1.531410797091132e-11
831,0.9900990098885702,1.672077380393656e-11
832,0.9900990098885938,1.668636360391854e-11
833,0.9900990098896885,1.510066467108072e-11
834,0.9900990098893712,1.555847574760633e-11
835,0.9900990098890681,1.5997545698840242e-11
836,0.9900990098897081,1.5072082428106715e-11
837,0.9900990098876459,1.8074366159780326e-11
838,0.9900990098888459,1.6319938424086755e-11
839,0.9900990098882446,1.719595126631739e-11
840,0.9900990098885837,1.6701236157295283e-11
841,0.9900990098874065,1.842737734175934e-11
842,0.9900990098871345,1.8829271758031668e-11
843,0.9900990098867358,1.942080792586489e-11
844,0.9900990098856167,2.1099016372923368e-11
845,0.9900990098845357,2.274560618208097e-11
846,0.9900990098821834,2.6430980042340894e-11
847,0.9900990098805857,2.9028431019983198e-11
848,0.9900990098785476,3.247611979796726e-11
849,0.990099009879241,3.1285007023900385e-11
850,0.9900990098797012,3.050536037284865e-11
851,0.9900990098775644,3.420130675038622e-11
852,0.9900990098745199,3.98580129997189e-11
853,0.9900990098698181,4.9903066387123974e-11
854,0.990099009864234,6.605819321786018e-11
855,0.9900990098626443,7.281031412062068e-11
856,0.9900990098612944,8.122342238168195e-11
857,0.9900990098612422,1.036391684203249e-10
858,0.9900990098796745,1.5086200962058639e-10
859,0.9900990098846675,1.5772395737637625e-10
860,0.9900990098664577,1.2547494728068784e-10
861,0.990099009869698,1.3334295620097165e-10
862,0.9900990098662743,1.2496743872643184e-10
863,0.990099009884714,1.577840670979239e-10
864,0.9900990098675089,1.2823288698085653e-10
865,0.9900990098666669,1.2604340172242447e-10
866,0.9900990098606757,8.918283595171056e-11
867,0.9900990098621021,7.569453757902786e-11
868,0.9900990098645985,6.473071462418072e-11
869,0.9900990098638205,6.764388198805606e-11
870,0.9900990098647603,6.416142812011016e-11
871,0.9900990098646418,6.457789065599634e-11
872,0.9900990098624727,7.367782468373935e-11
873,0.9900990098618874,7.697745829956831e-11
874,0.9900990098615512,7.922406153755473e-11
875,0.9900990098607662,9.816400914767035e-11
876,0.9900990098606104,9.258309699605842e-11
877,0.9900990098610171,8.386932387600282e-11
878,0.990099009862235,7.494527558390746e-11
879,0.9900990098607069,9.701462071444427e-11
880,0.9900990098606123,9.33822566825066e-11
881,0.9900990098606187,9.143540497193573e-11
882,0.9900990098606188,9.14397576041757e-11
883,0.9900990098606164,9.163677398810273e-11
884,0.9900990098608037,8.662849902577065e-11
885,0.9900990098619716,7.646175926593823e-11
886,0.9900990098639111,6.728842814362622e-11
887,0.9900990098671772,5.6670199851464433e-11
888,0.9900990098691462,5.152484351127399e-11
889,0.9900990098681747,5.398303728596035e-11
890,0.9900990098655148,6.163678989931072e-11
891,0.9900990098659549,6.025100209005344e-11
892,0.9900990098658652,6.052941436456214e-11
893,0.9900990098631192,7.058400602371929e-11
894,0.9900990098617695,7.77284433717372e-11
895,0.9900990098660342,6.00072822009824e-11
896,0.9900990098626035,7.301435117222147e-11
897,0.9900990098645922,6.475351188003831e-11
898,0.990099009862314,7.45142769496079e-11
899,0.990099009861694,7.822830042331993e-11
900,0.9900990098611084,8.291958533452124e-11
901,0.9900990098614931,7.965070585011086e-11
902,0.9900990098606555,8.977588426518837e-11
903,0.9900990098606324,9.066382649500031e-11
904,0.9900990098614147,1.0502958527579883e-10
905,0.9900990098617454,1.0731984377839474e-10
906,0.990099009861436,1.0518925158264825e-10
907,0.9900990098621566,1.0973480133340112e-10
908,0.9900990098662595,1.2492660793267102e-10
909,0.990099009889935,1.6416672704979686e-10
910,0.9900990099336258,2.0245742289509417e-10
911,0.9900990099727942,2.264878434757558e-10
912,0.9900990100885565,2.7718318103466266e-10
913,0.9900990102365034,3.3293470839982345e-10
914,0.9900990102565689,3.4041873328631364e-10
915,0.9900990104917168,4.2228439279561474e-10
916,0.9900990106242127,4.67387686018491e-10
917,0.990099010731582,5.058588689170619e-10
918,0.9900990107537938,5.142456388682311e-10
919,0.9900990107736921,5.219335305345646e-10
920,0.9900990109546423,6.057755772257002e-10
921,0.9900990110107796,6.429595761728319e-10
922,0.9900990109836282,6.237143502781161e-10
923,0.990099010959636,6.087146215963577e-10
924,0.9900990109070928,5.801684670242857e-10
925,0.9900990109568057,6.07041942466063e-10
926,0.9900990111025064,7.871449661556411e-10
927,0.9900990110531573,9.617678250131691e-10
928,0.9900990077257714,2.6409603959323253e-09
929,0.03950770117263813,0.9412717895863455
930,0.03950732468754345,0.9412721617828063
931,0.0395072633285812,0.9412722196475813
932,0.03950726335289644,0.9412722196226679
933,0.039507263349982565,0.9412722196252132
934,0.0395072633434784,0.9412722196310372
935,0.03950726334280962,0.941272219631646
936,0.03950726336692724,0.9412722196094178
937,0.03950726336504835,0.941272219611109
938,0.03950726336460289,0.9412722196117062
939,0.03950727370203163,0.941272209383426
940,0.039507593743731646,0.9412718957511246
941,0.990099010929029,1.1444346696895077e-09
942,0.9900990106170279,1.4812935579639587e-09
943,0.9900990109344616,1.137693637623859e-09
944,0.9900990105674399,1.530476854670917e-09
945,0.9900990109771874,1.0821676320569804e-09
946,0.9900990104461379,1.648611878073342e-09
947,0.9900990105837317,1.5143858679916164e-09
948,0.9900990104551471,1.6399242019209753e-09
949,0.9900990110909341,7.392884217859635e-10
950,0.9900990111026486,7.888889670503617e-10
951,0.9900990110166712,6.475570323749276e-10
952,0.990099011102415,8.189605587686998e-10
953,0.9900990110713023,9.217318257489698e-10
954,0.990099010915244,5.842965419332169e-10
955,0.990099011100858,7.741045817490564e-10
956,0.9900990110861517,7.286859428313323e-10
957,0.9900990110946649,7.49300275535778e-10
958,0.9900990111022427,7.843687472854866e-10
959,0.9900990110631075,6.928830840668506e-10
960,0.9900990110854387,7.272562251556006e-10
961,0.9900990110672815,9.314214683895935e-10
962,0.9900990110818346,8.981155696135139e-10
963,0.9900990030994642,6.738211956863218e-09
964,0.9900990053026837,6.386902617690712e-09
965,0.9900990069360004,4.888956568311635e-09
966,0.9900990027723633,8.149132560957633e-09
967,0.03950734624368236,0.9412721404362004
968,0.03950726332874487,0.9412722196472373
969,0.039507263328599905,0.9412722196476412
970,0.039507263358302645,0.9412722196173103
971,0.03950726336663745,0.9412722196115544
972,0.039507263354057985,0.9412722196216654
973,0.03950726336747123,0.9412722196116916
974,0.039507263367896825,0.9412722196108565
975,0.03950726336690589,0.9412722196113795
976,0.03950726335951824,0.9412722196170676
977,0.03950726334232209,0.9412722196320915
978,0.03950726336704382,0.9412722196093279
979,0.03950726336305809,0.941272219614217
980,0.039507263359808094,0.9412722196168295
981,0.039507263354648936,0.9412722196211559
982,0.039507263341452596,0.9412722196328868
983,0.03950726335024331,0.941272219624985
984,0.039507263355923354,0.9412722196200718
985,0.03950726335533163,0.9412722196205768
986,0.0395072633638555,0.9412722196135942
987,0.039507263364358385,0.9412722196132086
988,0.03950726335711355,0.9412722196190688
989,0.039507263354868496,0.9412722196209681
990,0.0395072633423446,0.9412722196320694
991,0.03950726334819434,0.9412722196267971
992,0.039522263815364875,0.9412573663283247
993,0.9900990045132533,7.104644851994783e-09
994,0.9900990110251111,1.0115385700691947e-09
995,0.9900990108569343,5.565274108225049e-10
996,0.9900990109446457,6.000542373908051e-10
997,0.9900990108544198,5.554092626132267e-10
998,0.9900990109377775,5.962388015388618e-10
999,0.9900990110234306,6.530625441623887e-10
1000,0.9900990107134803,4.991561884807073e-10
1001,0.9900990110044005,1.043577036224618e-09
1002,0.9900990111012762,8.290928043825574e-10
1003,0.9900990105968693,1.501363087251163e-09
1004,0.9900990110095891,1.0358113650532633e-09
1005,0.0395074531783717,0.9412720346788784
1006,0.03950837230185352,0.9412711264523379
1007,0.03950726333097445,0.9412722196441036
1008,0.03950726332954187,0.9412722196465901
1009,0.03950726332857306,0.9412722196475706
1010,0.03950726332862076,0.9412722196475646
1011,0.039507263328395076,0.9412722196478585
1012,0.03950726334230491,0.9412722196321033
1013,0.03950726334934773,0.9412722196257731
1014,0.039507263360064555,0.9412722196166188
1015,0.039507263367988925,0.941272219610886
1016,0.039507263345229325,0.9412722196311549
1017,0.03950726974021748,0.9412722149462923
1018,0.03950726336622252,0.9412722196130039
1019,0.039507264569151365,0.9412722189875211
1020,0.039507266747150126,0.9412722165299495
1021,0.039507263366895924,0.9412722196123209
1022,0.03950726336761905,0.9412722196115141
1023,0.03950726336626878,0.9412722196118086
1024,0.03950726334290604,0.9412722196330255
1025,0.039507263358614444,0.9412722196199462
1026,0.03950726335688363,0.9412722196214484
1027,0.039507263340568345,0.9412722196348848
1028,0.03950726334265588,0.9412722196332184
1029,0.03950726426986226,0.9412722189040283
1030,0.03950726772762138,0.9412722156095371
1031,0.039507263355311434,0.9412722196205915
1032,0.03950726335150572,0.9412722196238761
1033,0.03950726333020553,0.9412722196453568
1034,0.039507263335475995,0.941272219638888
1035,0.9900990108796655,5.669032556826328e-10
1036,0.9900990109413894,1.1290063937303801e-09
1037,0.9900990108354834,5.471582302076958e-10
1038,0.9900990109549032,6.059276721150382e-10
1039,0.990099010598871,4.5864410314628987e-10
1040,0.9900990105685039,4.482661177623053e-10
1041,0.9900990106723809,4.843023038618661e-10
1042,0.9900990108439558,5.508142226567227e-10
1043,0.9900990104512822,4.086222654532619e-10
1044,0.9900990101533752,3.0029334314335787e-10
1045,0.9900990100726863,2.712950597018994e-10
1046,0.990099009918955,1.9157074456765847e-10
1047,0.99009900989821,1.7311491094402206e-10
1048,0.9900990098754273,1.4421226756650054e-10
1049,0.9900990098731773,1.402690278474129e-10
1050,0.9900990098836616,1.5640856768774912e-10
1051,0.9900990098709198,1.3591339316540493e-10
1052,0.990099009886465,1.600021444303558e-10
1053,0.990099009881897,1.5402378244657643e-10
1054,0.9900990099325712,2.0171861600212705e-10
1055,0.9900990100871527,2.766719884480765e-10
1056,0.9900990100405442,2.5854428580535874e-10
1057,0.9900990102482516,3.3733184130617406e-10
1058,0.990099010017919,2.4876226725282173e-10
1059,0.9900990101620903,3.038644587747173e-10
1060,0.9900990102447154,3.3601295075950263e-10
1061,0.9900990100454009,2.605503253733135e-10
1062,0.9900990099787695,2.2970232207819607e-10
1063,0.9900990099573392,2.1768906317400293e-10
1064,0.990099009941887,2.0804599643802567e-10
1065,0.990099009871925,1.379090429131535e-10
1066,0.9900990098606612,9.584420710096404e-11
1067,0.9900990098606215,9.419715028320016e-11
1068,0.9900990098612859,8.129666027549834e-11
1069,0.9900990098612631,8.149194672713811e-11
1070,0.9900990098608834,8.547408950397171e-11
1071,0.9900990098606329,9.480384936727011e-11
1072,0.990099009862869,7.172757491888332e-11
1073,0.9900990098692027,5.138628435822423e-11
1074,0.990099009870506,4.83014164615856e-11
1075,0.9900990098689574,5.1991733949322733e-11
1076,0.9900990098756273,3.7739721812333726e-11
1077,0.9900990098808341,2.8619347189726425e-11
1078,0.9900990098733444,4.219457262773657e-11
1079,0.9900990098799449,3.009542631974849e-11
1080,0.9900990098801886,2.968803309893324e-11
1081,0.9900990098768203,3.553767709733281e-11
1082,0.9900990098753039,3.835049087051129e-11
1083,0.9900990098753246,3.831102534771698e-11
1084,0.9900990098795138,3.0822000720658685e-11
1085,0.990099009873357,4.2169331550053726e-11
1086,0.9900990098703379,4.868737925877407e-11
1087,0.9900990098702084,4.8987434181344843e-11
1088,0.9900990098696217,5.037108032832465e-11
1089,0.9900990098742853,4.03164991278721e-11
1090,0.9900990098726214,4.368286109816689e-11
1091,0.9900990098696586,5.028322306241969e-11
1092,0.9900990098658469,6.058591582895961e-11
1093,0.9900990098688957,5.2144960414971557e-11
1094,0.9900990098675149,5.5739382969047967e-11
1095,0.9900990098609448,8.469790554447325e-11
1096,0.9900990098635409,6.877389864424146e-11
1097,0.9900990098614707,1.054474744303793e-10
1098,0.9900990098608774,9.984020820323756e-11
1099,0.9900990098619921,7.633987341696791e-11
1100,0.9900990098617889,7.760170498309437e-11
1101,0.9900990098624657,7.371382450143633e-11
1102,0.9900990098614125,8.026582067831054e-11
1103,0.990099009860903,8.521760253954593e-11
1104,0.9900990098606205,9.414069716490521e-11
1105,0.9900990098606105,9.249593812994833e-11
1106,0.9900990098612833,8.131861501226769e-11
1107,0.9900990098672561,5.645130025765834e-11
1108,0.9900990098653921,6.203360405334232e-11
1109,0.9900990098680418,5.4330394224818374e-11
1110,0.9900990098668,5.773784716377631e-11
1111,0.9900990098672567,5.64492329794805e-11
1112,0.9900990098724208,4.4102458241332456e-11
1113,0.9900990098707292,4.7792531211164364e-11
1114,0.9900990098719499,4.5103996682692843e-11
1115,0.9900990098735493,4.178032104133875e-11
1116,0.9900990098732615,4.236291494570727e-11
1117,0.990099009877034,3.515062023187138e-11
1118,0.9900990098734033,4.2075509231902047e-11
1119,0.9900990098771931,3.4865176752751604e-11
1120,0.9900990098736522,4.157339702164991e-11
1121,0.9900990098719354,4.513439380734204e-11
1122,0.9900990098642974,6.58220347806758e-11
1123,0.9900990098631504,7.044468823835553e-11
1124,0.9900990098628408,7.186125055093215e-11
1125,0.9900990098606102,9.277146368228747e-11
1126,0.9900990098650195,1.2124182361254615e-10
1127,0.9900990098648795,1.2079346712868257e-10
1128,0.9900990098634284,1.1560437702486711e-10
1129,0.9900990098638545,1.1724764516437086e-10
1130,0.9900990098644644,1.194173944550031e-10
1131,0.990099009861081,1.0215386784099611e-10
1132,0.9900990098623055,1.1052544417081592e-10
1133,0.9900990098805857,1.5218109830371163e-10
1134,0.9900990098853586,1.5861032559067428e-10
1135,0.9900990098691744,1.3218556248464124e-10
1136,0.9900990098627346,1.126274313157292e-10
1137,0.9900990098614607,1.0537373015848421e-10
1138,0.990099009910639,1.8470066773665937e-10
1139,0.9900990100261938,2.524282847961e-10
1140,0.9900990102776575,3.481558465088967e-10
1141,0.9900990102163387,3.2527818235265934e-10
1142,0.9900990102344347,3.321557789382766e-10
1143,0.9900990100969762,2.80212383681616e-10
1144,0.9900990100402169,2.5840798793912234e-10
1145,0.9900990099621809,2.205269638273237e-10
1146,0.9900990099491138,2.1267530430012125e-10
1147,0.9900990099295286,1.9955212500435793e-10
1148,0.990099009970152,2.2503515259232496e-10
1149,0.9900990099877485,2.343616753165734e-10
1150,0.9900990099664639,2.2297363901850214e-10
1151,0.9900990099613987,2.2007372240026167e-10
1152,0.9900990099141881,1.8770539881164945e-10
1153,0.9900990099314162,2.0090239816392223e-10
1154,0.9900990099814216,2.310990992256549e-10
1155,0.9900990099167821,1.8983155778736804e-10
1156,0.9900990099252464,1.9640915628255047e-10
1157,0.9900990099340815,2.0277466288845668e-10
1158,0.9900990099330323,2.0204233801547626e-10
1159,0.9900990099250201,1.962400520281376e-10
1160,0.9900990099409752,2.0744555197454683e-10
1161,0.9900990099480348,2.119981265117676e-10
1162,0.9900990099057679,1.8037543597226143e-10
1163,0.9900990099102253,1.8434250564495146e-10
1164,0.9900990099331943,2.021558656465857e-10
1165,0.9900990099009925,1.7587471329947144e-10
1166,0.9900990098969265,1.7180383756442155e-10
1167,0.9900990100539803,2.6402131390392737e-10
1168,0.9900990099544884,2.1597999526691641e-10
1169,0.9900990100691732,2.6995794895839105e-10
1170,0.9900990100294437,2.538392789611813e-10
1171,0.9900990101306552,2.9175356037755965e-10
1172,0.9900990100975571,2.804190853299816e-10
1173,0.9900990100897469,2.776153472733278e-10
1174,0.9900990100358684,2.5658332115058493e-10
1175,0.9900990099953364,2.3815388393203025e-10
1176,0.9900990099628729,2.2092622955613355e-10
1177,0.9900990099828592,2.3184877843794034e-10
1178,0.9900990099714897,2.2577310076194555e-10
1179,0.9900990101792112,3.107663527240353e-10
1180,0.9900990101529502,3.0011814630451284e-10
1181,0.9900990101764783,3.096742197508645e-10
1182,0.9900990100328058,2.5528254246689305e-10
1183,0.990099009978058,2.2932453264252e-10
1184,0.990099010032681,2.5522924026688593e-10
1185,0.9900990100276608,2.5306710936435733e-10
1186,0.9900990100506968,2.627035613926513e-10
1187,0.9900990100506786,2.6269627021676073e-10
1188,0.9900990100489756,2.6200758279228545e-10
1189,0.9900990101221303,2.8891303588204245e-10
1190,0.9900990100239034,2.514242960816568e-10
1191,0.9900990100050764,2.428457576602975e-10
1192,0.9900990103185625,3.628454627203012e-10
1193,0.9900990101555098,3.011717749932601e-10
1194,0.9900990101706595,3.0733704451512866e-10
1195,0.9900990102681252,3.446739036721038e-10
1196,0.9900990108886344,5.711431503570395e-10
1197,0.9900990108304936,5.450304521260933e-10
1198,0.9900990100850251,2.7589375695893295e-10
1199,0.9900990099356264,2.0384238134511794e-10
1200,0.9900990098919719,1.6648642472526546e-10
1201,0.9900990099193225,1.9186122893424131e-10
1202,0.9900990099121234,1.8597148978296743e-10
1203,0.9900990099688822,2.243299159709751e-10
1204,0.9900990099366874,2.0456836965428136e-10
1205,0.9900990099155239,1.8880747013320743e-10
1206,0.9900990099060496,1.8063229148447362e-10
1207,0.9900990098842392,1.5716748396196454e-10
1208,0.9900990098937804,1.6847764332938132e-10
1209,0.990099009903335,1.7811737060315267e-10
1210,0.9900990098947143,1.69482649399606e-10
1211,0.9900990099546689,2.1608898664696024e-10
1212,0.9900990101850278,3.1307911278585604e-10
1213,0.9900990101776918,3.101595668685513e-10
1214,0.990099010031998,2.5493726647466933e-10
1215,0.9900990102568088,3.4050744841733694e-10
1216,0.9900990101936725,3.164882114086547e-10
1217,0.9900990102876439,3.51778405427452e-10
1218,0.9900990103218918,3.6402508686442794e-10
1219,0.9900990108021197,5.332549526547432e-10
1220,0.9900990106872004,4.896060151465177e-10
1221,0.9900990105673393,4.478697737908408e-10
1222,0.9900990108266304,5.43395574223182e-10
1223,0.9900990108098329,5.364048851457786e-10
1224,0.9900990106231967,4.67035397016909e-10
1225,0.9900990108514852,5.541113651166959e-10
1226,0.9900990110266807,6.558072501432886e-10
1227,0.9900990108278878,5.439264944989194e-10
1228,0.9900990108314346,5.454303040083854e-10
1229,0.9900990105751005,4.505129284381519e-10
1230,0.9900990104316667,4.01970684042777e-10
1231,0.9900990102777117,3.481756416987329e-10
1232,0.9900990104469568,4.0715734497159434e-10
1233,0.9900990104336093,4.02630463098132e-10
1234,0.9900990104135192,3.957935769569263e-10
1235,0.9900990105082021,4.2784819074890676e-10
1236,0.9900990104498619,4.0814136208395505e-10
1237,0.9900990103922597,3.88520011649996e-10
1238,0.9900990103767537,3.831836806404704e-10
1239,0.9900990101706063,3.073156580121968e-10
1240,0.9900990100854047,2.760328951971867e-10
1241,0.9900990101779935,3.1028014452747004e-10
1242,0.9900990101585416,3.0241526814532665e-10
1243,0.9900990102086623,3.223242788143202e-10
1244,0.9900990102411265,3.346703466672123e-10
1245,0.9900990102755998,3.4740623476191283e-10
1246,0.9900990101447136,2.967025917870603e-10
1247,0.9900990102033131,3.202522438088524e-10
1248,0.9900990102240417,3.282201310740628e-10
1249,0.9900990101366478,2.9372012287276385e-10
1250,0.9900990102082715,3.221732955577362e-10
1251,0.9900990101458873,2.9719173464529137e-10
1252,0.9900990099343249,2.029438467075044e-10
1253,0.9900990099191534,1.9172775269132557e-10
1254,0.9900990099448795,2.0999023093189993e-10
1255,0.9900990098927992,1.674049843623152e-10
1256,0.9900990098691383,1.3210428171218152e-10
1257,0.9900990098786786,1.4938078737985367e-10
1258,0.9900990098810103,1.527848899230561e-10
1259,0.9900990098943747,1.691187459938455e-10
1260,0.9900990098965293,1.7139278521541028e-10
1261,0.9900990098859205,1.5932136418669677e-10
1262,0.9900990098688759,1.315089973614205e-10
1263,0.9900990098761985,1.4548903408162153e-10
1264,0.9900990098881195,1.6202336540615798e-10
1265,0.9900990098909075,1.6528490734326066e-10
1266,0.9900990099534103,2.153257984897022e-10
1267,0.9900990100783663,2.734305355773352e-10
1268,0.9900990099634497,2.212577634120973e-10
1269,0.9900990099903256,2.3566385421582994e-10
1270,0.9900990101679781,3.062543958277165e-10
1271,0.990099010107021,2.8374693996867167e-10
1272,0.9900990099697997,2.2483994383342667e-10
1273,0.9900990098961295,1.709768656852126e-10
1274,0.9900990099322183,2.0147004185309905e-10
1275,0.9900990098955984,1.7041984591458121e-10
1276,0.9900990099943412,2.376635672305992e-10
1277,0.9900990098686495,5.2763998959890706e-11
1278,0.9900990098615043,7.956631044952346e-11
1279,0.9900990098735453,4.17883679402816e-11
1280,0.9900990098704527,4.842329892723554e-11
1281,0.9900990098774652,3.4377837055250864e-11
1282,0.9900990098755578,3.787047687427883e-11
1283,0.9900990098756766,3.7646974661832635e-11
1284,0.9900990098673788,5.611220658005165e-11
1285,0.990099009867382,5.610331277381721e-11
1286,0.9900990098686444,5.277608603327449e-11
1287,0.9900990098734421,4.199671205092224e-11
1288,0.9900990098683926,5.341860315608161e-11
1289,0.9900990098665966,5.83265626896581e-11
1290,0.9900990098678254,5.490310050108707e-11
1291,0.990099009868194,5.393241268321475e-11
1292,0.9900990098743266,4.023546949954152e-11
1293,0.9900990098788606,3.193606008678675e-11
1294,0.9900990098818732,2.692959529942971e-11
1295,0.9900990098789041,3.186143380361248e-11
1296,0.9900990098771381,3.496377621867359e-11
1297,0.9900990098771453,3.4950837708817644e-11
1298,0.9900990098758576,3.730835415363142e-11
1299,0.9900990098762145,3.6646256025888066e-11
1300,0.9900990098754786,3.802018258022013e-11
1301,0.9900990098795661,3.073373194735709e-11
1302,0.9900990098757397,3.752874491305289e-11
1303,0.9900990098767749,3.5619889723145993e-11
1304,0.9900990098768389,3.5503843341266347e-11
1305,0.9900990098781833,3.3110386132173587e-11
1306,0.9900990098792984,3.1187167743216013e-11
1307,0.9900990098809831,2.8374897103956008e-11
1308,0.9900990098802779,2.9539523009327526e-11
1309,0.9900990098809967,2.835219667811293e-11
1310,0.9900990098799385,3.010626056393532e-11
1311,0.9900990098787705,3.20908988194346e-11
1312,0.990099009873184,4.2521628732442636e-11
1313,0.990099009871241,4.664723467264163e-11
1314,0.9900990098704979,4.831990236854532e-11
1315,0.9900990098665413,5.848851777953946e-11
1316,0.9900990098671834,5.6653079915300783e-11
1317,0.9900990098676162,5.546448427299519e-11
1318,0.9900990098649185,6.361468443453245e-11
1319,0.9900990098617056,7.814895910935683e-11
1320,0.9900990098606314,9.070767367302705e-11
1321,0.9900990098618001,1.0766499140031227e-10
1322,0.9900990098783443,1.4887379727830656e-10
1323,0.9900990098818536,1.539636634837994e-10
1324,0.9900990098877351,1.6155994350383854e-10
1325,0.9900990100823577,2.74912072052935e-10
1326,0.9900990099836479,2.32258026631478e-10
1327,0.9900990100805656,2.742488558322783e-10
1328,0.9900990102298032,3.30406478248057e-10
1329,0.9900990101950066,3.170114827211225e-10
1330,0.9900990101714903,3.076717463082411e-10
1331,0.990099010212183,3.2368184847951913e-10
1332,0.9900990102975386,3.5534352268156124e-10
1333,0.9900990109875605,6.263325728242187e-10
1334,0.9900990106852668,4.889108443289755e-10
1335,0.9900990103877096,3.869570616001972e-10
1336,0.990099009959812,2.191483405037281e-10
1337,0.9900990111027014,8.153007123886856e-10
1338,0.9900990102678761,3.4458252478619226e-10
1339,0.9900990106017661,4.5963870570342963e-10
1340,0.9900990102642203,3.432403026656786e-10
1341,0.9900990102900491,3.526471280241705e-10
1342,0.9900990099941811,2.375845660776625e-10
1343,0.9900990099617043,2.202510104600378e-10
1344,0.9900990098696741,1.3329100751139827e-10
1345,0.9900990098661643,1.2465994216632551e-10
1346,0.9900990098634074,1.1552042624799091e-10
1347,0.9900990098651895,1.2177632504291181e-10
1348,0.9900990098609443,1.0067622876444476e-10
1349,0.9900990098607642,8.728624324903607e-11
1350,0.9900990098612771,8.137096057182491e-11
1351,0.9900990098611901,8.214122567959652e-11
1352,0.990099009860948,1.0071873839076132e-10
1353,0.9900990098635785,1.1619673304904269e-10
1354,0.9900990098854058,1.5867056179316618e-10
1355,0.9900990098625124,1.1156914372951717e-10
1356,0.9900990098628631,1.1321231478406939e-10
1357,0.9900990098610906,1.0224945036486827e-10
1358,0.9900990098643497,1.1902321017706667e-10
1359,0.9900990098618226,1.07804956801302e-10
1360,0.990099009861964,1.086499711021337e-10
1361,0.9900990098714239,1.3692617794792313e-10
1362,0.9900990098611008,1.023472306532903e-10
1363,0.9900990098631406,1.1442125826505144e-10
1364,0.9900990098648667,1.207519037888744e-10
1365,0.9900990098669552,1.2681026908315928e-10
1366,0.9900990098865309,1.6008358111416953e-10
1367,0.9900990098977859,1.7268455646617168e-10
1368,0.9900990098811661,1.5300449010074973e-10
1369,0.9900990099470717,2.1138971234340157e-10
1370,0.9900990099706098,2.2528839384155295e-10
1371,0.99009901014192,2.9553532440617883e-10
1372,0.9900990099893008,2.351478547324827e-10
1373,0.990099010090128,2.777534465296449e-10
1374,0.9900990100775551,2.7312750105739464e-10
1375,0.9900990101519216,2.996936479014891e-10
1376,0.9900990103730475,3.8190379696897637e-10
1377,0.9900990106841183,4.884984282076676e-10
1378,0.9900990106227818,4.668916009674317e-10
1379,0.9900990107158045,5.00010715463857e-10
1380,0.9900990108600459,5.579187621525021e-10
1381,0.9900990108198631,5.40556639181784e-10
1382,0.9900990108146819,5.384038666408607e-10
1383,0.9900990107040724,4.957142915895108e-10
1384,0.9900990107520777,5.135907048214561e-10
1385,0.9900990101390181,2.9449135158930595e-10
1386,0.9900990101651264,3.050990485698918e-10
1387,0.9900990100504123,2.6258880070700487e-10
1388,0.9900990100013546,2.4107500762926796e-10
1389,0.9900990099907623,2.3588308559173545e-10
1390,0.9900990099645384,2.2188067316044466e-10
1391,0.9900990099313326,2.008430753948904e-10
1392,0.9900990099003512,1.7524828048496974e-10
1393,0.9900990098677761,1.2889870601054467e-10
1394,0.9900990098639191,1.174874384228493e-10
1395,0.9900990098684287,1.3047114575086552e-10
1396,0.9900990098832921,1.5591772336379786e-10
1397,0.9900990098976075,1.725026135594397e-10
1398,0.9900990098833757,1.560291842706304e-10
1399,0.9900990098726047,1.3920631026575848e-10
1400,0.990099009863469,1.1576656214987033e-10
1401,0.9900990098735692,1.4098107852491334e-10
1402,0.9900990098696179,1.3316774260131925e-10
1403,0.9900990098637855,1.1699008867158804e-10
1404,0.9900990098624501,1.1126154904831536e-10
1405,0.9900990098615621,1.0609922873017864e-10
1406,0.9900990098616449,1.0666412608790541e-10
1407,0.990099009863672,1.1655852681114484e-10
1408,0.9900990098642727,1.1875583375767824e-10
1409,0.9900990098641631,1.1836975841188402e-10
1410,0.9900990098721097,1.3826577795208045e-10
1411,0.9900990098663904,1.2528987393410016e-10
1412,0.9900990098694838,1.328738862845174e-10
1413,0.9900990098681542,1.2981861675699597e-10
1414,0.9900990099082602,1.826191564106227e-10
1415,0.9900990099207919,1.9301256180977207e-10
1416,0.9900990099213176,1.9342079101632574e-10
1417,0.9900990099640813,2.216196561481914e-10
1418,0.9900990099254896,1.9659077818789083e-10
1419,0.9900990101120251,2.854773013820652e-10
1420,0.9900990099791568,2.299073672769667e-10
1421,0.9900990099837993,2.3233643500183597e-10
1422,0.9900990099778694,2.2922403979765752e-10
1423,0.9900990100967249,2.8012278804769073e-10
1424,0.9900990101795194,3.1088926406497187e-10
1425,0.9900990102084304,3.222346038010971e-10
1426,0.9900990103402357,3.704863396850002e-10
1427,0.9900990103537456,3.7520730850338594e-10
1428,0.9900990110452527,6.729827940201172e-10
1429,0.990099010790442,5.285519914698058e-10
1430,0.9900990108934424,5.734537395367087e-10
1431,0.9900990110424996,6.702513041418418e-10
1432,0.9900990110442803,6.720096185732554e-10
1433,0.990099011075378,7.097975989579162e-10
1434,0.9900990110665785,6.973227158678648e-10
1435,0.9900990110665215,9.332079923736066e-10
1436,0.9900990110469042,9.737790877739157e-10
1437,0.9900990109555783,1.1108652291256564e-09
1438,0.9900990085773929,3.379439678362604e-09
1439,0.9900990111031117,8.062647997415312e-10
1440,0.9900990110039802,1.0441996526381822e-09
1441,0.9900990107331926,1.3630436691326497e-09
1442,0.9900990095736193,2.4636117818952457e-09
1443,0.9900990110667354,9.327068434498731e-10
1444,0.9900990106693123,1.428680805050056e-09
1445,0.9900990111006264,8.335051993013484e-10
1446,0.9900990110823592,8.968276217082969e-10
1447,0.9900990110868482,8.851863859814641e-10
1448,0.9900990110447709,9.777308345546672e-10
1449,0.9900990110646583,9.374968430616987e-10
1450,0.9900990104086802,1.6846134020366066e-09
1451,0.9900990111026751,7.892393049241601e-10
1452,0.9900990107194498,5.013544422078925e-10
1453,0.9900990107726346,5.215203973226334e-10
1454,0.9900990107887417,5.278735104667177e-10
1455,0.9900990107549171,5.146749065875107e-10
1456,0.9900990109714582,6.159108482640014e-10
1457,0.9900990106947484,4.923288820130284e-10
1458,0.9900990107330853,5.064205138022957e-10
1459,0.9900990108583105,5.571416216722645e-10
1460,0.9900990109561429,6.06652896642333e-10
1461,0.9900990110051205,6.387019473458844e-10
1462,0.9900990109973443,6.33078242711883e-10
1463,0.9900990110044987,1.043431689028448e-09
1464,0.9900990106880416,1.4096087850399542e-09
1465,0.990098148410634,8.546398939080823e-07
1466,0.03950726433897004,0.9412722186468134
1467,0.03950726332978815,0.9412722196457258
1468,0.03950726332872368,0.9412722196472705
1469,0.03950726332937409,0.9412722196467875
1470,0.03950726333051986,0.9412722196447204
1471,0.03950726332903385,0.9412722196471456
1472,0.03950726332865941,0.9412722196475347
1473,0.039507263350164724,0.9412722196253926
1474,0.9900990053603201,6.334273208482751e-09
1475,0.03953106494099064,0.9412486556215095
1476,0.9900990069793996,4.849044463755904e-09
1477,0.990099010462676,1.632654313670794e-09
1478,0.9900990109255706,1.1486954584123482e-09
1479,0.9900990109515164,6.039640222949188e-10
1480,0.9900990110945339,7.489115662028775e-10
1481,0.9900990110227539,6.524993616301644e-10
1482,0.9900990111026412,7.887891162858778e-10
1483,0.9900990109194183,5.864477185888533e-10
1484,0.9900990107791469,5.24073325790163e-10
1485,0.9900990107868163,5.271070447363542e-10
1486,0.9900990106714403,4.839675037674418e-10
1487,0.9900990107235226,5.028609799522399e-10
1488,0.9900990104033387,3.9231606156603387e-10
1489,0.9900990106873074,4.896445131741689e-10
1490,0.9900990106464956,4.7515743598027e-10
1491,0.9900990107214975,5.021112370315167e-10
1492,0.9900990105986923,4.585828136440821e-10
1493,0.9900990105928691,4.5658537466880867e-10
1494,0.9900990106364598,4.716475464150093e-10
1495,0.9900990104767194,4.172217956706809e-10
1496,0.9900990105512747,4.424134761277201e-10
1497,0.9900990105761119,4.508578052958756e-10
1498,0.9900990106674152,4.8253681085052e-10
1499,0.9900990108388511,5.486047582643925e-10
1500,0.9900990110765586,9.104204248176909e-10
1501,0.9900990106675188,1.4305005178580514e-09
1502,0.9900990110631568,9.408677110161744e-10
1503,0.9900990021915586,9.102081384758503e-09
1504,0.9900990088314365,3.1460019230667522e-09
1505,0.039507263463485445,0.9412722195121153
1506,0.03950726332874919,0.9412722196474533
1507,0.039507263330860104,0.941272219644258
1508,0.03950729218560923,0.9412721940310034
1509,0.03950726332857063,0.9412722196475735
1510,0.03950726332950781,0.9412722196461184
1511,0.039507263329736635,0.9412722196463575
1512,0.03950726336406217,0.9412722196120109
1513,0.03950726336592048,0.941272219610443
1514,0.03950726336155299,0.9412722196146092
1515,0.039507263347720346,0.9412722196272159
1516,0.03950726336702488,0.9412722196093553
1517,0.03950726332828928,0.9412722196479435
1518,0.039507263340774916,0.9412722196335336
1519,0.03950726333038308,0.9412722196455613
1520,0.03950726332892927,0.941272219647283
1521,0.0395072633286323,0.9412722196474274
1522,0.03950726332898874,0.9412722196472206
1523,0.9900986967011605,3.106872305718044e-07
1524,0.990099010699605,1.3977661682400677e-09
1525,0.9900990110812595,7.194577674907388e-10
1526,0.9900990110743548,9.15262470858794e-10
1527,0.9900990103045264,1.7838495629692642e-09
1528,0.9900990110015382,1.047797167816464e-09
1529,0.9900990110768697,7.121281374987095e-10
1530,0.9900990104879549,1.608180370573637e-09
1531,0.9900990110969492,7.566823834395054e-10
1532,0.9900990110988263,7.639487317813943e-10
1533,0.9900990108978962,5.756186884837002e-10
1534,0.9900990110142358,6.456350118211763e-10
1535,0.9900990108025062,5.334119177823122e-10
1536,0.9900990104118906,3.952379766803375e-10
1537,0.9900990104830724,4.1936668063737727e-10
1538,0.9900990105865093,4.5440821996475995e-10
1539,0.9900990108781139,5.661786391238513e-10
1540,0.9900990111013768,8.283491097899662e-10
1541,0.9900990109214757,5.875175814604379e-10
1542,0.9900990109914047,6.289420666575146e-10
1543,0.9900990109677408,6.136099427731861e-10
1544,0.9900990107167474,5.003579206030813e-10
1545,0.9900990108877261,5.707096605939856e-10
1546,0.9900990108997478,5.765260058052198e-10
1547,0.9900990108310108,5.452501835477807e-10
1548,0.9900990106643646,4.81454975104232e-10
1549,0.990099010662154,4.806723652401094e-10
1550,0.9900990106231327,4.670131726200836e-10
1551,0.990099010480543,4.185128559710987e-10
1552,0.9900990109154436,5.843988752428751e-10
1553,0.9900990110748314,7.089614996486913e-10
1554,0.9900990111031518,8.03322764735435e-10
1555,0.9900990101824533,1.898935085461059e-09
1556,0.039507263329119365,0.9412722196470787
1557,0.039507263340444444,0.9412722196338473
1558,0.03950726334140133,0.9412722196329311
1559,0.03950726335102029,0.9412722196243043
1560,0.03950726332900395,0.9412722196469302
1561,0.03950726332987602,0.941272219646189
1562,0.0395072633408166,0.941272219633489
1563,0.03950726336549385,0.9412722196108533
1564,0.03950726334527908,0.9412722196294073
1565,0.03950726335931448,0.9412722196172317
1566,0.03950726336394381,0.9412722196135289
1567,0.039507263368004364,0.9412722196108912
1568,0.03950726335959634,0.9412722196190935
1569,0.03950726335022414,0.9412722196270622
1570,0.03950726141511159,0.9412722220288692
1571,0.03950726435570706,0.9412722190433855
1572,0.03950727985853077,0.9412722061452342
1573,0.03950726334122622,0.9412722196334944
1574,0.03950726334244728,0.9412722196323806
1575,0.03950726668648249,0.9412722165887374
1576,0.03950727376900297,0.9412722114822992
1577,0.03950726334178501,0.94127221963306
1578,0.03950726334223058,0.9412722196326638
1579,0.03950726334009964,0.9412722196345648
1580,0.039507263343061545,0.9412722196318939
1581,0.039507312247434624,0.9412721771741789
1582,0.039507258006727844,0.9412722281722141
1583,0.03950726335715827,0.9412722196212098
1584,0.03950727552500662,0.9412722099518751
1585,0.03950726334030855,0.9412722196342734
1586,0.03950726417753262,0.9412722189750781
1587,0.03950726335916915,0.941272219619465
1588,0.03950726336461999,0.9412722196145491
1589,0.03950726334818055,0.9412722196287444
1590,0.03950726336756945,0.9412722196109818
1591,0.03950726336583242,0.9412722196121172
1592,0.03950726336626242,0.9412722196101125
1593,0.039507263349061975,0.9412722196260255
1594,0.03950726336118084,0.9412722196149625
1595,0.03950726334138863,0.9412722196329467
1596,0.03950726336048407,0.9412722196162753
1597,0.039507263365770734,0.9412722196121615
1598,0.03950726334344106,0.941272219631066
1599,0.03950726335852578,0.9412722196178821
1600,0.03950726335130983,0.9412722196240482
1601,0.03950726336394433,0.9412722196135213
1602,0.039507263351788044,0.9412722196236328
1603,0.039507263356689214,0.9412722196194244
1604,0.03950726336387201,0.9412722196152459
1605,0.03950726562093426,0.9412722231319848
1606,0.0395072633465048,0.9412722196301149
1607,0.03950726404054182,0.9412722190797266
1608,0.03950728566172026,0.9412722010040225
1609,0.039507265045257964,0.9412722187090014
1610,0.03950726333585221,0.9412722196384502
1611,0.039507293509991534,0.941272195280515
1612,0.03950726334267899,0.9412722196322575
1613,0.03950726333766583,0.9412722196369019
1614,0.03950726333833815,0.9412722196361589
1615,0.03950726334003479,0.9412722196346381
1616,0.039507263343157344,0.9412722196317914
1617,0.03950728799020992,0.9412721989346914
1618,0.039507263337518264,0.9412722196368135
1619,0.039507263342591276,0.9412722196322633
1620,0.03950726334289094,0.9412722196319883
1621,0.039507282414442665,0.9412722049006155
1622,0.039507263338267824,0.9412722196362575
1623,0.03950728744271351,0.9412722005595666
1624,0.03950726334161101,0.9412722196332338
1625,0.039507269612100354,0.9412722150543209
1626,0.03950726434224998,0.9412722190406596
1627,0.03950726333469707,0.9412722196396793
1628,0.039507263357340644,0.9412722196210519
1629,0.03950726336253003,0.9412722196164717
1630,0.03950726336505425,0.941272219612685
1631,0.039507263344686565,0.941272219631591
1632,0.039507263362064754,0.9412722196168959
1633,0.03950726336658526,0.9412722196115882
1634,0.039507263356840266,0.9412722196192952
1635,0.03950726336360741,0.9412722196137873
1636,0.03950726334501394,0.9412722196296432
1637,0.03950726335777902,0.9412722196181879
1638,0.9900990097943276,1.059266589084758e-10
1639,0.0395072634631277,0.9412722195124756
1640,0.03950726333238954,0.9412722196422069
1641,0.039507263361561705,0.941272219614601
1642,0.0395072633478611,0.9412722196270903
1643,0.039507263366733214,0.9412722196124857
1644,0.03950726334124024,0.9412722196330798
1645,0.03950726333732884,0.9412722196370054
1646,0.03950726334351553,0.9412722196316776
1647,0.03950726334622737,0.9412722196285469
1648,0.039507263340604885,0.9412722196337007
1649,0.03950726336703703,0.9412722196093403
1650,0.03950726334235788,0.9412722196320564
1651,0.039507263342628045,0.9412722196318127
1652,0.03950726336122532,0.941272219615673
1653,0.039507263343578354,0.9412722196309442
1654,0.039507263344813186,0.9412722196297689
1655,0.03950726334944995,0.9412722196260683
1656,0.039507263348732856,0.9412722196263175
1657,0.03950726334678576,0.9412722196280481
1658,0.03950726336506328,0.9412722196126788
1659,0.03950726335279336,0.9412722196227572
1660,0.03950726334850537,0.9412722196265166
1661,0.03950726334227766,0.9412722196321298
1662,0.039507263349079114,0.9412722196260125
1663,0.039507263343178806,0.9412722196313125
1664,0.03950726332875242,0.9412722196474499
1665,0.9900990079282068,3.976276582211211e-09
1666,0.039507263464116336,0.9412722195114931
1667,0.9900990105897187,1.508456493138665e-09
1668,0.9900990109911552,6.287711520841684e-10
1669,0.9900990108650949,1.2200759916463402e-09
1670,0.9900990103517918,3.7452638313717817e-10
1671,0.9900990104798897,4.182921924950873e-10
1672,0.990099010710201,4.979533709269306e-10
1673,0.9900990102829527,3.500797895029629e-10
1674,0.9900990107199,5.015207693488146e-10
1675,0.9900990107052194,4.961324902954464e-10
1676,0.9900990105436026,4.3981341129467667e-10
1677,0.9900990104281658,4.007810451300214e-10
1678,0.990099010220056,3.2670062812195216e-10
1679,0.9900990099288509,1.9906232185434217e-10
1680,0.9900990099282311,1.986118291353988e-10
1681,0.9900990098808469,1.5255329108845153e-10
1682,0.9900990098678263,1.2902238810796808e-10
1683,0.990099009861758,1.0740065387492251e-10
1684,0.9900990098650724,1.2140908570326687e-10
1685,0.990099009879063,1.4995730643119467e-10
1686,0.9900990098642721,1.1875397017089296e-10
1687,0.9900990099304535,2.0021633351618544e-10
1688,0.9900990099786823,2.2965603519522205e-10
1689,0.9900990099918843,2.364442912403187e-10
1690,0.9900990099752358,2.2781290626357668e-10
1691,0.9900990099431761,2.088884253313521e-10
1692,0.9900990099712623,2.2564814502360856e-10
1693,0.9900990099021406,1.7698259837901468e-10
1694,0.990099009918303,1.9105271380981327e-10
1695,0.9900990098769821,1.4675226808943753e-10
1696,0.990099009905491,1.801217727360237e-10
1697,0.990099009869955,1.3389768215050207e-10
1698,0.9900990098721065,1.3825962685559789e-10
1699,0.990099009866726,1.2620214637432916e-10
1700,0.9900990098626916,1.1242583193006347e-10
1701,0.9900990098608886,8.540532046142726e-11
1702,0.9900990098606316,9.070556823309233e-11
1703,0.9900990098705085,4.829572909606556e-11
1704,0.9900990098685991,5.2891310169649604e-11
1705,0.9900990098655658,6.147313611082273e-11
1706,0.9900990098715187,4.6036745299218135e-11
1707,0.9900990098753415,3.8279659361984e-11
1708,0.9900990098784588,3.263038591811286e-11
1709,0.9900990098810063,2.8336748869522798e-11
1710,0.9900990098877653,1.7898274766364617e-11
1711,0.9900990098839335,2.3674991992715324e-11
1712,0.9900990098857764,2.0857988155716787e-11
1713,0.9900990098861209,2.0339711511433015e-11
1714,0.990099009887989,1.757024138218336e-11
1715,0.9900990098831149,2.495376815973928e-11
1716,0.9900990098865589,1.968497689771824e-11
1717,0.990099009885966,2.0572351089575676e-11
1718,0.9900990098870196,1.899946749827404e-11
1719,0.9900990098910865,1.3096836998234769e-11
1720,0.9900990098925918,1.0960005997352864e-11
1721,0.99009900989117,1.2977967925257002e-11
1722,0.9900990098894078,1.550572203998895e-11
1723,0.9900990098897756,1.4974777470554825e-11
1724,0.99009900988681,1.9310736127847534e-11
1725,0.9900990098859977,2.0524805692623303e-11
1726,0.9900990098878543,1.776817533708937e-11
1727,0.9900990098884181,1.6942555549072225e-11
1728,0.9900990098861973,2.0225614605665256e-11
1729,0.9900990098899914,1.4664196496592145e-11
1730,0.9900990098905265,1.3897239123668524e-11
1731,0.990099009887623,1.8108220067566128e-11
1732,0.9900990098883642,1.7021419609956552e-11
1733,0.9900990098874454,1.836971404641422e-11
1734,0.990099009891381,1.2677305211571147e-11
1735,0.9900990098867637,1.9379474114911105e-11
1736,0.990099009884691,2.250694992737944e-11
1737,0.9900990098831909,2.4834002652182973e-11
1738,0.9900990098817326,2.7156233935229577e-11
1739,0.99009900987857,3.243766759510037e-11
1740,0.9900990098806745,2.8882270911503756e-11
1741,0.9900990098809157,2.8485521385377537e-11
1742,0.9900990098787904,3.205670002014591e-11
1743,0.9900990098824626,2.5985685419640964e-11
1744,0.9900990098813905,2.7709427265341565e-11
1745,0.9900990098781519,3.316539953206484e-11
1746,0.9900990098757222,3.756158121677986e-11
1747,0.9900990098836235,2.4157438420123448e-11
1748,0.990099009883228,2.477584535063843e-11
1749,0.9900990098785247,3.251597826577925e-11
1750,0.9900990098752206,3.850874017866093e-11
1751,0.9900990098760238,3.6998829058407156e-11
1752,0.9900990098761053,3.684799104873017e-11
1753,0.9900990098760675,3.691844999877887e-11
1754,0.9900990098731778,4.2533905147008464e-11
1755,0.9900990098665702,5.840390701134794e-11
1756,0.9900990098665398,5.849333230749113e-11
1757,0.9900990098656703,6.114031361345701e-11
1758,0.9900990098634284,6.924437488458327e-11
1759,0.9900990098632889,6.983893857924521e-11
1760,0.9900990098621336,7.551456315121872e-11
1761,0.9900990098610541,1.0188191223698758e-10
1762,0.990099009861991,1.0880643366203345e-10
1763,0.9900990099210444,1.9320882769405114e-10
1764,0.9900990098999561,1.748595845022066e-10
1765,0.9900990099069013,1.814039288841213e-10
1766,0.9900990100087378,2.4456245089010423e-10
1767,0.9900990099988682,2.398771016604634e-10
1768,0.9900990101534861,3.003389932024678e-10
1769,0.9900990102419377,3.3497419735680626e-10
1770,0.9900990107855524,5.266050493835819e-10
1771,0.9900990101574406,3.0196431863214774e-10
1772,0.9900990103290876,3.665670025139207e-10
1773,0.9900990105593298,4.451471538458298e-10
1774,0.9900990108168856,5.393172687350898e-10
1775,0.99009901037987,3.842584282664072e-10
1776,0.9900990104417013,4.053761828967861e-10
1777,0.9900990103674128,3.7995444270319056e-10
1778,0.9900990105844124,4.536912871452041e-10
1779,0.9900990109960177,6.32142938813057e-10
1780,0.9900990108273178,5.436856784116336e-10
1781,0.9900990104447905,4.064233968657153e-10
1782,0.9900990103055033,3.5819683314867655e-10
1783,0.9900990101941167,3.166625747870864e-10
1784,0.9900990099568416,2.1739273833064868e-10
1785,0.9900990098947068,1.6947452187459533e-10
1786,0.9900990098959419,1.7078055765702918e-10
1787,0.9900990099552663,2.1644921315809605e-10
1788,0.9900990099749091,2.2763656014728215e-10
1789,0.9900990101604487,3.0319480763708857e-10
1790,0.9900990101795727,3.1091057857848553e-10
1791,0.9900990099102602,1.8437281383794316e-10
1792,0.9900990099633462,2.2119835290390074e-10
1793,0.9900990098997152,1.746211934109922e-10
1794,0.9900990099173168,1.9026309396964414e-10
1795,0.9900990098621544,1.0972223521392116e-10
1796,0.9900990098640902,1.1810927996272336e-10
1797,0.9900990098620247,1.0900019672621881e-10
1798,0.9900990098611657,1.0296328339953496e-10
1799,0.9900990098606116,9.323529895917967e-11
1800,0.9900990098609809,1.0109511284700949e-10
1801,0.9900990098610389,1.0172466949907304e-10
1802,0.990099009862733,1.1261906813567133e-10
1803,0.9900990099062938,1.8085457240780038e-10
1804,0.9900990098833667,1.5601720220067766e-10
1805,0.9900990098667544,1.2627808309393767e-10
1806,0.9900990098622053,1.0999812919762152e-10
1807,0.9900990098689173,1.316037405112454e-10
1808,0.9900990098699779,1.3394687567180306e-10
1809,0.9900990098606779,8.912461151832437e-11
1810,0.9900990098608645,9.966353138601209e-11
1811,0.9900990098606433,9.020722975170743e-11
1812,0.9900990098610497,1.0183568587915558e-10
1813,0.9900990098615639,1.0611251314331455e-10
1814,0.9900990098620971,1.0940727218862241e-10
1815,0.9900990098636265,1.1638390846385666e-10
1816,0.9900990098641854,1.184490575687195e-10
1817,0.9900990098849249,1.580558153498629e-10
1818,0.9900990098865796,1.601442664557307e-10
1819,0.990099009943698,2.0922743418029639e-10
1820,0.9900990101073283,2.838538041245031e-10
1821,0.9900990099294507,1.9949590708315458e-10
1822,0.990099009967663,2.236483354776296e-10
1823,0.9900990099642696,2.2172727773082523e-10
