,Date,0,1
0,9/13/16,9.955559420989023e-09,0.9900989998995889
1,9/14/16,8.681864604541633e-12,0.9900990098981878
2,9/15/16,0.9803921565770396,2.9565307047262286e-10
3,9/16/16,4.800949573985734e-08,0.9900989619974716
4,9/17/16,6.38176718122341e-12,0.9900990099017833
5,9/18/16,0.9803921568255347,7.023119163443275e-11
6,9/19/16,1.745573351736957e-10,0.9900990097326765
7,9/20/16,2.1376715416982466e-11,0.9900990098942608
8,9/21/16,7.507004923786483e-12,0.9900990099002485
9,9/22/16,3.291848389894409e-11,0.9900990098729037
10,9/23/16,1.2575178666824322e-10,0.9900990097807998
11,9/24/16,0.9803921568679443,9.664213681098073e-14
12,9/25/16,7.503318611054552e-11,0.9900990098303727
13,9/26/16,3.61992380332808e-11,0.9900990098691416
14,9/27/16,0.9803921568740838,3.729541331793857e-12
15,9/28/16,0.9803917974598435,3.667211016686126e-07
16,9/29/16,3.3065060411992284e-10,0.9900990098279921
17,9/30/16,0.9803921567652939,2.211578522959687e-10
18,10/1/16,0.9803921568680319,5.1696642792126873e-14
19,10/2/16,5.378859006343092e-11,0.9900990098514453
20,10/3/16,0.9803921568485813,7.58894076373346e-11
21,10/4/16,0.9803921568490412,3.698210302385296e-11
22,10/5/16,0.9803921568532311,1.3619408820740132e-11
23,10/6/16,0.9803921568207278,7.480482220118602e-11
24,10/7/16,0.9803921568466173,2.011384831129431e-11
25,10/8/16,5.723775930655964e-10,0.9900990095900539
26,10/9/16,0.9803921509610357,6.059587299459807e-09
27,10/10/16,0.980392156867737,1.8402993153359873e-12
28,10/11/16,0.980392140846403,1.691083838203941e-08
29,10/12/16,0.9803921571254746,1.417580004975735e-09
30,10/13/16,4.943488543536373e-11,0.9900990098648416
31,10/14/16,0.9803921568456118,1.7888950355103316e-11
32,10/15/16,0.9803921379851891,2.1807199914501992e-08
33,10/16/16,0.9803921328353694,2.7282501594632577e-08
34,10/17/16,5.016501100404081e-12,0.9900990098995118
35,10/18/16,9.913696613701115e-12,0.9900990099003435
36,10/19/16,3.665701761735235e-10,0.990099009644145
37,10/20/16,1.3619573040869685e-11,0.9900990098907658
38,10/21/16,0.9803921551889289,3.8493862796232875e-09
39,10/22/16,0.47783061229014295,0.5075374036606489
40,10/23/16,1.1033361079129626e-10,0.9900990098656611
41,10/24/16,1.4377409103458846e-10,0.990099009887606
42,10/25/16,0.5048893776239076,0.4802107293754619
43,10/26/16,2.0701598147628768e-11,0.9900990098843706
44,10/27/16,0.2903677121316301,0.6968563699273567
45,10/28/16,2.5580952903738297e-13,0.9900990099015964
46,10/29/16,1.6904026380772038e-10,0.9900990100328154
47,10/30/16,0.2842543445765045,0.7030302660740767
48,10/31/16,0.29103416369697155,0.6961833198326957
49,11/1/16,6.965370231390935e-13,0.9900990099009167
50,11/2/16,0.10363925391730965,0.8854336247620128
51,11/3/16,7.738573730044808e-10,0.9900990110656768
52,11/4/16,2.7059827528145837e-11,0.9900990098858178
53,11/5/16,0.07455867043918124,0.9148021372416759
54,11/6/16,0.07771146889014094,0.9116181228345263
55,11/7/16,0.022381037215450983,0.9674963782580336
56,11/8/16,1.4227196443737609e-11,0.9900990099078516
57,11/9/16,0.028951279679836663,0.960861089975254
58,11/10/16,0.002398744899736718,0.9876765150580306
59,11/11/16,3.4120602502494944e-12,0.990099009899275
60,11/12/16,3.842795770165557e-12,0.990099009899813
61,11/13/16,3.3665075366695447e-12,0.9900990098998586
62,11/14/16,2.2132785756980112e-12,0.9900990098998314
63,11/15/16,2.0302785318694907e-12,0.9900990098999987
64,11/16/16,1.7657869614259267e-12,0.9900990099000871
65,11/17/16,9.9987526047483e-13,0.9900990099003242
66,11/18/16,1.3391952181343085e-08,0.9900989988379456
67,11/19/16,8.706035212036355e-09,0.990099004105815
68,11/20/16,1.4344651567568613e-12,0.9900990099007723
69,11/21/16,2.1947458699436507e-12,0.9900990099002669
70,11/22/16,1.9179063114505156e-12,0.9900990099004623
71,11/23/16,1.5262534021608105e-12,0.9900990098998188
72,11/24/16,1.2127222762969501e-12,0.9900990099000199
73,11/25/16,1.0704449743317603e-12,0.990099009900242
74,11/26/16,1.8888739088511262e-12,0.9900990099000071
75,11/27/16,1.797662439096901e-12,0.9900990099004172
76,11/28/16,1.504796379686288e-12,0.9900990099001399
77,11/29/16,2.1135394128563335e-12,0.9900990099001303
78,11/30/16,1.6801184829118576e-12,0.9900990099007771
79,12/1/16,1.2898565932966176e-12,0.9900990099003545
80,12/2/16,0.003091355745289984,0.986977048807658
81,12/3/16,1.4093586689628495e-11,0.9900990098890939
82,12/4/16,1.8587819161012857e-11,0.990099009887843
83,12/5/16,3.283097672750904e-11,0.990099009882652
84,12/6/16,4.221898473754036e-11,0.9900990098788871
85,12/7/16,3.9761832596712324e-11,0.9900990098797241
86,12/8/16,2.821151587816094e-11,0.9900990098832166
87,12/9/16,2.6244371790364113e-11,0.990099009883589
88,12/10/16,2.7315816558511614e-11,0.9900990098829265
89,12/11/16,3.8034193576563505e-11,0.990099009879208
90,12/12/16,3.42429954844259e-11,0.9900990098793524
91,12/13/16,4.078172315352746e-11,0.9900990098752871
92,12/14/16,5.226433382562543e-11,0.9900990098705632
93,12/15/16,3.168467831310567e-11,0.9900990098785478
94,12/16/16,3.1863540567600733e-11,0.9900990098778543
95,12/17/16,2.5346387219663557e-11,0.9900990098779388
96,12/18/16,3.44848154402145e-11,0.990099009866546
97,12/19/16,3.6766331953386306e-11,0.9900990098641742
98,12/20/16,0.05439868153529001,0.935161727563002
99,12/21/16,0.056791741579041995,0.9327449738511234
100,12/22/16,0.05716705048348748,0.9323659538723821
101,12/23/16,0.057397631052997396,0.9321330854715353
102,12/24/16,0.06068257231271145,0.9288156200409008
103,12/25/16,0.06199126978904606,0.9274939651638154
104,12/26/16,0.06927130428762623,0.920141851115774
105,12/27/16,0.07906757611234669,0.9102485918013182
106,12/28/16,0.07983333661239356,0.9094752494950682
107,12/29/16,0.0814022582803024,0.9078907940701945
108,12/30/16,0.08154629926181671,0.9077453266675245
109,12/31/16,0.13664114768528068,0.8521049803116071
110,1/1/17,0.23304836638764045,0.7547432339486938
111,1/2/17,0.8299563220480813,0.15192529852675105
112,1/3/17,0.8836610762966987,0.09768881403804816
113,1/4/17,0.9803921566875655,3.1278858332759245e-10
114,1/5/17,0.9803921568294521,9.93629808085475e-11
115,1/6/17,0.9803921568247412,1.6573099422010614e-10
116,1/7/17,0.9803921568601178,5.807615430956524e-11
117,1/8/17,0.9803921568708563,7.832586477016472e-12
118,1/9/17,0.9803921568723972,1.978819906770926e-12
119,1/10/17,0.9803921568715279,8.30721170393873e-13
120,1/11/17,0.9803921568667154,6.733219704460607e-14
121,1/12/17,0.9803921568321068,3.658283100686492e-11
122,1/13/17,0.9803921568679472,5.2069866144431576e-14
123,1/14/17,0.9803921568675452,5.214837820785429e-14
124,1/15/17,0.9803921568676065,5.2033810739301314e-14
125,1/16/17,0.9803921568532514,1.4134311122710192e-11
126,1/17/17,0.9803921568674274,5.534326364439123e-14
127,1/18/17,0.9803921568673888,5.60127077627968e-14
128,1/19/17,0.9803921568685102,1.3575040339168854e-13
129,1/20/17,0.9803921568677677,7.70906755333987e-14
130,1/21/17,0.9803921568677857,7.970994234951495e-14
131,1/22/17,0.9803921568675432,6.825426614898792e-14
132,1/23/17,0.9803921568674029,6.379477362101966e-14
133,1/24/17,0.9803921568672245,5.872396780879152e-14
134,1/25/17,0.9803921568668355,5.125692595482093e-14
135,1/26/17,0.980392156867962,1.0469051342340767e-13
136,1/27/17,0.9803921568679536,1.0625879330058394e-13
137,1/28/17,0.9803921568677938,9.508231215710209e-14
138,1/29/17,0.9803921568669755,5.5607989377216787e-14
139,1/30/17,0.9803921568663428,6.075359480232043e-14
140,1/31/17,0.9803921568664153,5.315958946702792e-14
141,2/1/17,0.9803921568672974,7.012186226827122e-14
142,2/2/17,0.9803921568669685,5.860812157170088e-14
143,2/3/17,0.9803921568721499,1.8895084882447792e-12
144,2/4/17,0.9803921568722196,3.880580705122469e-12
145,2/5/17,0.9803921568721341,4.242456867275872e-12
146,2/6/17,0.9803921568716305,1.2888331508814226e-12
147,2/7/17,0.980392156872123,2.808633711141185e-12
148,2/8/17,0.980392156871931,2.5276169042331068e-12
149,2/9/17,0.98039215686471,1.6686430369412916e-12
150,2/10/17,0.9803921568661813,5.560134062458304e-14
151,2/11/17,0.9803921568660912,5.669830617668113e-14
152,2/12/17,0.9803921568662468,5.442460292069956e-14
153,2/13/17,0.9803921568638404,2.5549727359171636e-12
154,2/14/17,0.9803921568633647,3.057668317710518e-12
155,2/15/17,0.9803921568630714,3.3663999669299313e-12
156,2/16/17,0.9803921568640718,2.2457168857386038e-12
157,2/17/17,0.9803921568642544,2.181785250877972e-12
158,2/18/17,0.9803921568648187,1.8866765652791373e-12
159,2/19/17,0.9803921568591556,7.587298671540991e-12
160,2/20/17,0.9803921568555375,1.1442853279314771e-11
161,2/21/17,0.9803921568537481,1.3336244941182296e-11
162,2/22/17,0.9803921568561207,1.0824444572313424e-11
163,2/23/17,0.9803921568547547,1.227337213728191e-11
164,2/24/17,0.9803921568618957,4.62075727462978e-12
165,2/25/17,0.9803921568425744,2.5063271398689252e-11
166,2/26/17,0.9803921568430319,2.459315013099208e-11
167,2/27/17,0.9803921568465074,2.0964808379456935e-11
168,2/28/17,0.9803921568521742,1.5016985689004713e-11
169,3/1/17,0.9803921568554875,1.1523184988697387e-11
170,3/2/17,0.9803921568608491,5.8087689035461805e-12
171,3/3/17,0.98039215686277,3.7216082719267725e-12
172,3/4/17,0.980392156863435,2.987643131560965e-12
173,3/5/17,0.980392156782533,8.735166106001054e-11
174,3/6/17,0.9803921568643539,2.270578969162453e-12
175,3/7/17,0.9803921568653287,1.6781057764724891e-12
176,3/8/17,0.9803921568668679,1.2190028342804747e-12
177,3/9/17,0.9803921568683651,2.7570542572215387e-12
178,3/10/17,0.9803921568690149,2.5185238988255823e-12
179,3/11/17,0.9803921568694177,2.5784368400385634e-12
180,3/12/17,0.9803921568539059,2.377066578526147e-11
181,3/13/17,0.980392156844015,3.675660292748255e-11
182,3/14/17,0.9803921568586477,1.7701184052489983e-11
183,3/15/17,0.9803921568517227,2.710519311555899e-11
184,3/16/17,0.9803921568596514,1.6750508977938153e-11
185,3/17/17,0.980392156868286,1.2479446305405313e-13
186,3/18/17,0.9803921563606376,6.825949386337936e-10
187,3/19/17,0.9803921565649948,4.5631368466693777e-10
188,3/20/17,0.9803921568388575,2.936002708175619e-11
189,3/21/17,0.9803921568678794,7.993199482541185e-14
190,3/22/17,0.9803921568674311,5.1590326931319765e-14
191,3/23/17,0.9803921567910377,7.750895224947278e-11
192,3/24/17,0.9803921566950747,1.7542122315787392e-10
193,3/25/17,7.701502668979357e-10,0.9900990096750192
194,3/26/17,0.9803918981895174,2.6466814015459815e-07
195,3/27/17,0.9803921565368405,5.426177643351715e-10
196,3/28/17,0.9803921564003091,7.23984065451069e-10
197,3/29/17,0.9803921549608292,2.343321721226958e-09
198,3/30/17,0.9803921552657566,1.989339748842894e-09
199,3/31/17,0.9803921568415573,9.353165583708205e-11
200,4/1/17,0.980392156592751,2.8462348109900337e-10
201,4/2/17,0.9803921560050234,1.1224786375008553e-09
202,4/3/17,0.9803921493030493,8.514183564350365e-09
203,4/4/17,0.9803921564470797,5.924993883612436e-10
204,4/5/17,0.9803921454752996,1.2646992795333113e-08
205,4/6/17,0.9803921352982315,2.340243262065513e-08
206,4/7/17,0.9803921568711962,5.315706145824847e-14
207,4/8/17,0.9803921568581502,6.258165121666176e-11
208,4/9/17,0.980392156708626,1.6446577150457105e-10
209,4/10/17,0.980392156868223,1.1200935098350194e-11
210,4/11/17,0.980392156869313,6.935315367953291e-12
211,4/12/17,0.9803921568699357,2.6188143488776863e-12
212,4/13/17,0.9803921568693023,5.3119886811798406e-14
213,4/14/17,0.9803921568693885,5.312832702438643e-14
214,4/15/17,0.980392156866271,1.5109113552796476e-13
215,4/16/17,0.9803921568658488,2.2999441253149015e-13
216,4/17/17,0.9803921568669084,5.651507005127602e-14
217,4/18/17,0.9803921566520223,2.2338030380680874e-10
218,4/19/17,0.9803921568661158,1.803544693187387e-13
219,4/20/17,0.9803921568679308,9.809458801806415e-14
220,4/21/17,0.9803921568700251,5.3112133853385033e-14
221,4/22/17,0.9803921486007509,9.252498869682945e-09
222,4/23/17,0.9803921475332342,1.0408875691727267e-08
223,4/24/17,0.9803921440013553,1.4220613562530658e-08
224,4/25/17,0.9803921374379511,2.1236340506028433e-08
225,4/26/17,0.9803921568718884,5.3512554898247506e-14
226,4/27/17,0.9803921568310401,3.6978088273947904e-11
227,4/28/17,0.9803921568697941,1.5656833664849875e-13
228,4/29/17,0.9803921568661028,2.4375468214137705e-13
229,4/30/17,0.9803921467126788,1.1274585870226966e-08
230,5/1/17,0.9803921500392211,7.624928973653263e-09
231,5/2/17,0.9803921537382498,3.5456523121890882e-09
232,5/3/17,0.980392152931858,4.43206629945609e-09
233,5/4/17,0.9803921568568033,2.2564588468349643e-11
234,5/5/17,0.9803921568544256,2.8397245749256777e-11
235,5/6/17,0.9803921568622123,1.4231770963008057e-11
236,5/7/17,0.9803921568458114,5.448681019602752e-11
237,5/8/17,0.9803921568397181,7.147817815961182e-11
238,5/9/17,0.980392156831999,8.671014825984966e-11
239,5/10/17,0.9803921568142698,1.3937866454801997e-10
240,5/11/17,0.9803921568199785,1.264828484032507e-10
241,5/12/17,0.9803921568255581,1.1585043301525642e-10
242,5/13/17,0.9803921568257624,1.0256359478933918e-10
243,5/14/17,0.9803921568358107,8.259366491797888e-11
244,5/15/17,0.9803921568466466,6.964839989457478e-11
245,5/16/17,0.9803921568281939,1.3328335129067722e-10
246,5/17/17,0.9803921567713741,3.321688222356914e-10
247,5/18/17,0.9803921565860351,7.186199330081406e-10
248,5/19/17,0.9803921564075415,1.163328606448587e-09
249,5/20/17,0.9803921561161856,1.7597995948714758e-09
250,5/21/17,0.9803921557501691,2.455777758369303e-09
251,5/22/17,0.9803921558465141,2.8134201558462247e-09
252,5/23/17,0.9803921562707802,3.0527190152472662e-09
253,5/24/17,0.9803921559846326,3.934583940645131e-09
254,5/25/17,0.9803921560156365,3.3163040445233342e-09
255,5/26/17,0.9803921555820383,2.1980098726225654e-09
256,5/27/17,0.9543291173527706,0.026321098686411935
257,5/28/17,0.9276682529399787,0.0532459227740325
258,5/29/17,0.8998305725804857,0.08135922373128614
259,5/30/17,0.8749412701866447,0.10649495486169647
260,5/31/17,0.8591389929792441,0.12245369025907445
261,6/1/17,0.8422329804510214,0.13952708904999736
262,6/2/17,0.8267592307452089,0.155154044198416
263,6/3/17,0.8132206019773575,0.16882672763146128
264,6/4/17,0.8025845568313356,0.17956807888601609
265,6/5/17,0.7936206569598557,0.18862072964583326
266,6/6/17,0.7765138689257192,0.2058968934556834
267,6/7/17,0.7683610710428085,0.21413040893073534
268,6/8/17,0.7613272003892267,0.22123392178693782
269,6/9/17,0.7498737888020642,0.23280073310950478
270,6/10/17,0.7407237946696968,0.24204132025005864
271,6/11/17,0.7314418098010587,0.25141520601692735
272,6/12/17,0.7276864011711839,0.2552077958307826
273,6/13/17,0.7233580063341927,0.25957904628154366
274,6/14/17,0.7210839848950387,0.26187558238557596
275,6/15/17,0.72406959688413,0.258860408730207
276,6/16/17,0.7281097226872124,0.254780281793876
277,6/17/17,0.7334562479753374,0.2493808212966608
278,6/18/17,0.739928143624191,0.24284484746806106
279,6/19/17,0.7451495694890757,0.23757172535105106
280,6/20/17,0.7516426883361368,0.23101431879806605
281,6/21/17,0.7626045061602879,0.21994396929745008
282,6/22/17,0.7747981934620723,0.2076295542004138
283,6/23/17,0.7903536285378094,0.19192010641230275
284,6/24/17,0.8119617080582612,0.17009808423891726
285,6/25/17,0.8333316575372313,0.14851655016975587
286,6/26/17,0.8591349192281796,0.12245780434426572
287,6/27/17,0.8894331828481352,0.09185955791618292
288,6/28/17,0.9234725781367484,0.057483138911893564
289,6/29/17,0.9642668890941289,0.01628492967649759
290,6/30/17,0.9803921527173716,6.3821246232263685e-09
291,7/1/17,0.9803921509177582,9.840701311165282e-09
292,7/2/17,0.9803921503845601,1.06194036842411e-08
293,7/3/17,0.9803921519787548,8.469839079127397e-09
294,7/4/17,0.9803921532942956,6.480334154474863e-09
295,7/5/17,0.9803921546403268,4.355141841887289e-09
296,7/6/17,0.9803921550688133,3.5340302726693753e-09
297,7/7/17,0.9803921539786262,4.599396321538713e-09
298,7/8/17,0.9803921542104186,4.197488858198585e-09
299,7/9/17,0.9803921528090616,5.810852993981792e-09
300,7/10/17,0.9803921428928546,1.7081164325371807e-08
301,7/11/17,0.980392132953918,2.838266680918433e-08
302,7/12/17,0.9803921436065606,1.676915285404352e-08
303,7/13/17,0.9803921387653166,2.2287021034489295e-08
304,7/14/17,0.9803921306906151,3.135157164478244e-08
305,7/15/17,0.9803921568462228,1.820900234852881e-11
306,7/16/17,0.9803921566763538,2.4846976463244825e-10
307,7/17/17,0.9803921567663084,1.0116791819596451e-10
308,7/18/17,0.9803920948612418,6.613147015302175e-08
309,7/19/17,0.96992222739853,0.010573592139799904
310,7/20/17,0.933638440656224,0.047216624288722676
311,7/21/17,0.9184494026111725,0.06255605035634597
312,7/22/17,0.9092065635080037,0.07189040407822714
313,7/23/17,0.9039956904940691,0.07715286712087588
314,7/24/17,0.8945486219256615,0.08669347585845343
315,7/25/17,0.8779006598338532,0.10350626965223925
316,7/26/17,0.861845202851009,0.11972068623000948
317,7/27/17,0.8523543778801526,0.12930547976491183
318,7/28/17,0.8469653633017153,0.13474785092332323
319,7/29/17,0.8429213293324418,0.13883193043243378
320,7/30/17,0.8366841897393965,0.1451308231652642
321,7/31/17,0.8330222483234063,0.14882902070806214
322,8/1/17,0.8315717328443961,0.15029389756343162
323,8/2/17,1.2021229033182397e-09,0.9900990114306545
324,8/3/17,0.8195637337677332,0.16242078733524032
325,8/4/17,0.817483406106136,0.1645217086851747
326,8/5/17,0.8243718420672246,0.1575650703878328
327,8/6/17,0.8324192491214639,0.1494379898551259
328,8/7/17,0.8411067326162532,0.1406644928315025
329,8/8/17,0.8556796038915492,0.12594733072366598
330,8/9/17,0.8696782954258934,0.11181004285310438
331,8/10/17,0.887156492210076,0.09415879004573272
332,8/11/17,0.9082224135315825,0.072884296573555
333,8/12/17,0.9360985856003484,0.044732122525532825
334,8/13/17,0.967676328442706,0.012841728357237374
335,8/14/17,0.9794777943643285,0.0009234158924664409
336,8/15/17,0.9803921542104371,4.5243171069092435e-09
337,8/16/17,0.9803921514183428,7.983222287184305e-09
338,8/17/17,0.9803921512701564,8.764304355160462e-09
339,8/18/17,0.9803921448478193,1.6735536363161676e-08
340,8/19/17,0.9803921447489177,1.7091257576463876e-08
341,8/20/17,0.980392144567255,1.732192386562424e-08
342,8/21/17,0.9803921426979847,1.9224315951768212e-08
343,8/22/17,0.980392146133295,1.49325250314851e-08
344,8/23/17,0.9803921521290904,7.844302648847313e-09
345,8/24/17,0.9803921539160845,5.683973216089145e-09
346,8/25/17,0.9803921541013986,5.349783489221378e-09
347,8/26/17,0.9803921543058242,5.0370621472691085e-09
348,8/27/17,0.9803921541445406,5.073782850504606e-09
349,8/28/17,0.9803921544449711,4.601264650590371e-09
350,8/29/17,0.9803921550678572,3.998176820557187e-09
351,8/30/17,0.9803921548746357,4.340346695564376e-09
352,8/31/17,0.9803921549355735,4.451067513295041e-09
353,9/1/17,0.9803921546875558,4.919614634518148e-09
354,9/2/17,0.9803921531779181,6.736607340715289e-09
355,9/3/17,0.9803921530749345,6.906723306405022e-09
356,9/4/17,0.9803921513477303,8.877782197632487e-09
357,9/5/17,0.980392153021421,7.098571248816629e-09
358,9/6/17,0.9803921520461222,8.313320900260146e-09
359,9/7/17,0.9803921529083365,7.4413087701022246e-09
360,9/8/17,0.9803921524326826,8.05799970329692e-09
361,9/9/17,0.9803921527029311,7.784191191485772e-09
362,9/10/17,0.9803921521909791,8.385184426050106e-09
363,9/11/17,0.980392152200658,8.353635667448062e-09
364,9/12/17,0.980392152442312,8.034226161379416e-09
365,9/13/17,0.9803921538056652,6.388195242823208e-09
366,9/14/17,0.9803921514640236,9.196950985350025e-09
367,9/15/17,0.9803921511995263,9.50851141033481e-09
368,9/16/17,0.980392149791889,1.1093721556766732e-08
369,9/17/17,0.9803921511657766,9.433814965913772e-09
370,9/18/17,0.9803921511787477,9.295187253126234e-09
371,9/19/17,0.980392144880456,1.6347949646196107e-08
372,9/20/17,0.9803921401981632,2.1458268162597886e-08
373,9/21/17,0.9803921384421459,2.3332278503580175e-08
374,9/22/17,0.9803921304658831,3.189130190278687e-08
375,9/23/17,0.9803921491111631,1.1153785796848763e-08
376,9/24/17,0.9803921499307855,9.98682756999494e-09
377,9/25/17,0.9803921515989239,7.966288019700985e-09
378,9/26/17,0.9803921490073462,1.0734200011822361e-08
379,9/27/17,0.9803921500484094,9.444469044375107e-09
380,9/28/17,0.9803921538884617,4.999984583036107e-09
381,9/29/17,0.9803921534409026,5.322757430974555e-09
382,9/30/17,0.9803921538958298,4.642252492229848e-09
383,10/1/17,0.9803921557577417,2.269787950496355e-09
384,10/2/17,0.980392155950823,1.8157650862704977e-09
385,10/3/17,0.9803921562287968,1.2972079403336485e-09
386,10/4/17,0.980392155434109,1.954966926844376e-09
387,10/5/17,0.9803921557262874,1.60959706174313e-09
388,10/6/17,0.9803921560378038,1.2259901581006452e-09
389,10/7/17,0.9803921557051885,1.5380115700564639e-09
390,10/8/17,0.9803921564169185,7.391018750807564e-10
391,10/9/17,0.9803921566227259,4.3918246633324883e-10
392,10/10/17,0.9803921564972772,5.635232628938121e-10
393,10/11/17,0.980392156092271,1.0214531711127917e-09
394,10/12/17,0.980392155626949,1.5884385915746904e-09
395,10/13/17,0.9803921557251243,1.5462016656258632e-09
396,10/14/17,0.9803921558751524,1.432493790815815e-09
397,10/15/17,0.980392155959944,1.3730757800170455e-09
398,10/16/17,0.9803921555107437,1.8623385477912108e-09
399,10/17/17,0.9803921557949979,1.611942507628353e-09
400,10/18/17,0.9803921557780172,1.6600384623916322e-09
401,10/19/17,0.9803921557573436,1.7077920143470932e-09
402,10/20/17,0.9803921561227035,1.34561094926657e-09
403,10/21/17,0.9803921561615666,1.3034288266244214e-09
404,10/22/17,0.9803921559634283,1.5044261260605696e-09
405,10/23/17,0.9803921556492438,1.8244574149081926e-09
406,10/24/17,0.9803921556653387,1.8090920316734376e-09
407,10/25/17,0.9803921551817845,2.325755982627333e-09
408,10/26/17,0.9803921555759664,1.9293309116214623e-09
409,10/27/17,0.9803921556531235,1.8489010505402482e-09
410,10/28/17,0.9803921552326595,2.2503810339496845e-09
411,10/29/17,0.9803921558950957,1.521805437697409e-09
412,10/30/17,0.980392156063758,1.270938069666201e-09
413,10/31/17,0.9803921561530727,1.0959645376134803e-09
414,11/1/17,0.9803921565237477,6.98907520894712e-10
415,11/2/17,0.980392156605998,5.690242483568643e-10
416,11/3/17,0.9803921567333446,4.426306501595075e-10
417,11/4/17,0.9803921567604424,3.757505307389386e-10
418,11/5/17,0.9803921567795827,3.350219210390791e-10
419,11/6/17,0.9803921567708089,2.8838368363548727e-10
420,11/7/17,0.9803921568172485,2.152931044044983e-10
421,11/8/17,0.9803921568323468,1.687799540020723e-10
422,11/9/17,0.9803921568418642,1.3775250391259936e-10
423,11/10/17,0.9803921568476794,1.094508557572537e-10
424,11/11/17,0.9803921568556657,8.215731127718923e-11
425,11/12/17,0.9803921568665308,4.1247165665199563e-11
426,11/13/17,0.9803921568601123,5.974342767753025e-11
427,11/14/17,0.9803921568569064,9.057746737430474e-11
428,11/15/17,0.9803921568479633,1.4063014368293336e-10
429,11/16/17,0.980392156841145,2.0433178169219747e-10
430,11/17/17,0.9803921568147699,3.475711910766995e-10
431,11/18/17,0.9803921567233901,5.933596430442124e-10
432,11/19/17,0.9803921566914112,7.487939174203477e-10
433,11/20/17,0.9803921566501246,9.428202905604983e-10
434,11/21/17,0.9803921566794259,1.0944688567942063e-09
435,11/22/17,0.9803921565837784,1.475964764166951e-09
436,11/23/17,0.9803921564748155,1.8835073058857377e-09
437,11/24/17,0.9803921562312821,2.422273174441158e-09
438,11/25/17,0.9803921563628138,2.5050037942510123e-09
439,11/26/17,0.9803921562443566,2.9394518993569014e-09
440,11/27/17,0.9803921562045388,3.2825709164509366e-09
441,11/28/17,0.9803921562064062,3.5169105352603874e-09
442,11/29/17,0.9803921561433147,3.70664571671224e-09
443,11/30/17,0.9803921559391372,3.899602652935566e-09
444,12/1/17,0.9803921562812506,2.95648299641843e-09
445,12/2/17,0.9803921563595518,1.6442995327906274e-09
446,12/3/17,0.9632827964760153,0.017278759995160896
447,12/4/17,0.9338568519698982,0.046996050487028505
448,12/5/17,0.9079240757628342,0.07318558685482594
449,12/6/17,0.8691285518267774,0.1123652248898555
450,12/7/17,0.8086323328946374,0.17346041628641148
451,12/8/17,0.7588764350028802,0.22370894682958686
452,12/9/17,0.7361013483469941,0.24670952939270888
453,12/10/17,0.7221955923139953,0.260752966178339
454,12/11/17,0.710306979165442,0.2727592933928773
455,12/12/17,0.6991092239548966,0.28406791533681214
456,12/13/17,0.692115029246976,0.2911313591004755
457,12/14/17,0.6884351689368505,0.2948476534798496
458,12/15/17,0.6819774065850931,0.301369352486574
459,12/16/17,0.6682051147384576,0.31527800296115166
460,12/17/17,0.6574030275953533,0.32618704150278516
461,12/18/17,0.6507032880280236,0.3329531150846895
462,12/19/17,0.6479922817921886,0.3356909630122865
463,12/20/17,0.6466447051117397,0.3370518820483964
464,12/21/17,0.6506143278273867,0.3330429561490517
465,12/22/17,0.659004167617023,0.3245700489401005
466,12/23/17,0.6703627961463237,0.31309895914616565
467,12/24/17,0.6849981553727384,0.2983186963556027
468,12/25/17,0.6993394684118942,0.2838353911110072
469,12/26/17,0.7155520788977274,0.2674622609362098
470,12/27/17,0.7371993299885169,0.24560067664576193
471,12/28/17,0.7594696086930314,0.2231099001322805
472,12/29/17,0.7852751550432433,0.19704885332333888
473,12/30/17,0.8190519684228308,0.1629376160488344
474,12/31/17,0.8447918982541756,0.13694283542731903
475,1/1/18,0.8718676393153015,0.10959901772200054
476,1/2/18,0.8886986320396384,0.09260138150538236
477,1/3/18,0.9062575197163196,0.07486864345555998
478,1/4/18,0.9240983541885975,0.05685116705778433
479,1/5/18,0.9603025704814641,0.020288493177803613
480,1/6/18,0.9803921564252208,8.436675746872759e-10
481,1/7/18,0.9803921564159213,2.4159838593126464e-09
482,1/8/18,0.9803921557418359,3.955240590312069e-09
483,1/9/18,0.9803921560235934,3.863082871611149e-09
484,1/10/18,0.9803921561853762,3.483890516277374e-09
485,1/11/18,0.9803921565990775,2.2941676251352914e-09
486,1/12/18,0.9803921562608274,2.7046704762940203e-09
487,1/13/18,0.9803921562933832,2.5715365233437385e-09
488,1/14/18,0.9803921557303181,3.265825945690524e-09
489,1/15/18,0.9803921550290696,4.221187286116628e-09
490,1/16/18,0.9803921543483918,5.214570030549549e-09
491,1/17/18,0.9803921463752717,1.4771598975999933e-08
492,1/18/18,0.9803921432758772,1.862234578012935e-08
493,1/19/18,0.9803921376800011,2.486866719652906e-08
494,1/20/18,0.9803921509468561,9.544077745877544e-09
495,1/21/18,0.9803921454206498,1.4322571065141243e-08
496,1/22/18,0.9630192193082402,0.017544947872870763
497,1/23/18,0.925793022169729,0.05513972096543539
498,1/24/18,0.8832149340613372,0.09813937442245155
499,1/25/18,0.84650020579898,0.13521761434208135
500,1/26/18,0.795906858234918,0.18631188859693507
501,1/27/18,0.7570819651837457,0.2255211860916762
502,1/28/18,0.723612242839941,0.25932229207258906
503,1/29/18,0.6912951145666811,0.2919593918459302
504,1/30/18,2.967229776768554e-10,0.9900990103502434
505,1/31/18,2.755211192209806e-10,0.9900990102972862
506,2/1/18,1.2062571006727886e-10,0.9900990098544542
507,2/2/18,9.990862589888021e-11,0.9900990098517516
508,2/3/18,9.475494854416024e-11,0.9900990098517524
509,2/4/18,2.945890680674758e-11,0.990099009880929
510,2/5/18,8.684121272531875e-13,0.9900990099007233
511,2/6/18,1.830583026269277e-12,0.9900990099005249
512,2/7/18,8.242676775625029e-12,0.9900990098956449
513,2/8/18,1.0240150358375101e-11,0.9900990098940993
514,2/9/18,7.43739057564733e-12,0.9900990098959046
515,2/10/18,4.889798933069355e-12,0.9900990098985113
516,2/11/18,6.149868113758185e-12,0.9900990098977024
517,2/12/18,6.91333036371042e-12,0.9900990098973983
518,2/13/18,6.574468337610719e-12,0.9900990098978819
519,2/14/18,6.349059873590855e-12,0.990099009898201
520,2/15/18,6.7572691234779326e-12,0.9900990098979183
521,2/16/18,1.0258402746239895e-11,0.9900990098951953
522,2/17/18,1.2004581579179475e-11,0.990099009892464
523,2/18/18,1.2762571146161637e-11,0.9900990098912192
524,2/19/18,2.444329094363431e-11,0.9900990098823992
525,2/20/18,4.759925536953683e-11,0.9900990098678781
526,2/21/18,8.111734263530818e-11,0.9900990098640052
527,2/22/18,3.741464798916968e-11,0.9900990098737692
528,2/23/18,4.103211107459205e-11,0.9900990098715812
529,2/24/18,4.986381359914123e-11,0.9900990098667712
530,2/25/18,1.376507701511639e-11,0.9900990098906046
531,2/26/18,4.458774108731187e-11,0.9900990098697096
532,2/27/18,5.278741032183498e-11,0.9900990098654807
533,2/28/18,8.539475236986978e-11,0.9900990098611335
534,3/1/18,8.611226328813293e-11,0.9900990098607
535,3/2/18,9.138488674695233e-11,0.9900990098620556
536,3/3/18,7.40689749443485e-11,0.9900990098586716
537,3/4/18,7.916345978906249e-11,0.9900990098580585
538,3/5/18,8.528637810795701e-11,0.9900990098579358
539,3/6/18,2.5669552414457554e-11,0.9900990098830025
540,3/7/18,1.7458231982706772e-11,0.990099009888988
541,3/8/18,1.8180868914957926e-11,0.9900990098885774
542,3/9/18,2.2807894765399022e-11,0.9900990098853458
543,3/10/18,2.2545404205306414e-11,0.9900990098855992
544,3/11/18,2.7576313497097647e-11,0.9900990098821068
545,3/12/18,5.653985974092106e-11,0.9900990098640892
546,3/13/18,4.3656867214784356e-11,0.9900990098715332
547,3/14/18,4.525121775853408e-11,0.9900990098705793
548,3/15/18,2.8086516029507754e-11,0.9900990098816708
549,3/16/18,3.144178632089521e-11,0.9900990098793309
550,3/17/18,3.0737599550820377e-11,0.9900990098797365
551,3/18/18,7.534890550677037e-11,0.9900990098572643
552,3/19/18,7.565300906976882e-11,0.9900990098575359
553,3/20/18,9.480617643176795e-11,0.9900990098546459
554,3/21/18,4.1427742412855946e-11,0.9900990098730199
555,3/22/18,6.233460627529534e-11,0.9900990098633446
556,3/23/18,5.3791066220475484e-11,0.9900990098671701
557,3/24/18,5.5971478964644694e-11,0.9900990098666392
558,3/25/18,5.29777029442934e-11,0.9900990098682094
559,3/26/18,3.7479087200047795e-11,0.9900990098757786
560,3/27/18,2.825235358844695e-11,0.9900990098811017
561,3/28/18,1.865307344733536e-11,0.9900990098872609
562,3/29/18,1.7088554116542108e-11,0.9900990098883257
563,3/30/18,1.2100205998693437e-11,0.990099009892981
564,3/31/18,1.0878941254503213e-11,0.99009900989285
565,4/1/18,1.0959709904661903e-11,0.9900990098928272
566,4/2/18,2.6967586513100846e-11,0.990099009881553
567,4/3/18,4.9236082557565877e-11,0.9900990098695958
568,4/4/18,5.2325340557496934e-11,0.9900990098682911
569,4/5/18,4.1941122854445604e-11,0.9900990098731789
570,4/6/18,3.4166483198650226e-10,0.9900990100833182
571,4/7/18,2.8858491309784134e-10,0.9900990099952283
572,4/8/18,4.9233365294188773e-11,0.9900990098690755
573,4/9/18,2.298249382825422e-11,0.9900990098839445
574,4/10/18,2.4057903312473154e-11,0.9900990098831988
575,4/11/18,2.2825475762148938e-11,0.9900990098838591
576,4/12/18,1.3540193673920807e-10,0.9900990098550362
577,4/13/18,3.3739119934388414e-10,0.9900990100393458
578,4/14/18,1.2668045173537006e-10,0.9900990098521153
579,4/15/18,6.110620714328315e-11,0.9900990098616422
580,4/16/18,5.2959377952572404e-11,0.9900990098643246
581,4/17/18,1.618737605982536e-11,0.9900990098882919
582,4/18/18,1.216856274706162e-11,0.9900990098920226
583,4/19/18,1.0708156288896528e-11,0.9900990098933228
584,4/20/18,1.9599547394145244e-11,0.9900990098852362
585,4/21/18,1.4726530965411337e-11,0.9900990098896378
586,4/22/18,1.660747977679139e-11,0.9900990098878615
587,4/23/18,6.174739386990393e-11,0.9900990098600142
588,4/24/18,1.4036911138839954e-10,0.990099009848849
589,4/25/18,1.9293581406880745e-10,0.9900990098690534
590,4/26/18,2.180071751899729e-10,0.9900990098878663
591,4/27/18,4.6351535970687364e-11,0.9900990098687718
592,4/28/18,3.9672860113899365e-11,0.9900990098725242
593,4/29/18,6.595044472961476e-11,0.9900990098602003
594,4/30/18,2.5702737829082972e-11,0.9900990098814466
595,5/1/18,3.2907590096281986e-11,0.9900990098766833
596,5/2/18,2.1700359010286544e-11,0.9900990098842823
597,5/3/18,2.991502584394151e-11,0.9900990098786229
598,5/4/18,3.273457929204374e-11,0.9900990098768256
599,5/5/18,1.0366088187042093e-10,0.9900990098511677
600,5/6/18,2.195098242331667e-10,0.9900990098900097
601,5/7/18,2.897749051335982e-10,0.9900990099600165
602,5/8/18,1.9061466855944067e-09,0.9900990093255564
603,5/9/18,0.9803921567100892,2.843426617930344e-10
604,5/10/18,0.9803921568400481,2.381374452570673e-11
605,5/11/18,8.358269575600183e-11,0.9900990098539016
606,5/12/18,9.439819499316625e-11,0.9900990098512078
607,5/13/18,9.049195285644993e-11,0.9900990098516951
608,5/14/18,8.646265078142659e-09,0.9900990011729549
609,5/15/18,6.069178112553176e-10,0.9900990102136509
610,5/16/18,0.9803919544667219,2.0512529405091233e-07
611,5/17/18,6.02792017000897e-10,0.9900990101973687
612,5/18/18,4.297648732368249e-10,0.9900990100820048
613,5/19/18,2.355166957270514e-10,0.99009900989067
614,5/20/18,2.4020066208215097e-10,0.9900990098914787
615,5/21/18,4.0392769150028634e-10,0.990099010045995
616,5/22/18,5.036557377919537e-10,0.99009901012807
617,5/23/18,6.330023244456146e-11,0.990099009858092
618,5/24/18,5.596067375382618e-11,0.9900990098612773
619,5/25/18,9.005767302673881e-11,0.9900990098478237
620,5/26/18,1.7449935221974077e-10,0.9900990098464069
621,5/27/18,1.190589758585144e-10,0.9900990098398775
622,5/28/18,9.57848223307649e-11,0.9900990098428392
623,5/29/18,0.9803921387183184,1.996865352026344e-08
624,5/30/18,0.9803920989269994,6.195558004643502e-08
625,5/31/18,0.9803921083010926,5.1941420575210085e-08
626,6/1/18,0.9803921400597901,1.842297196880279e-08
627,6/2/18,0.9803920214892092,1.414571732676491e-07
628,6/3/18,0.9803920145867429,1.485877896965731e-07
629,6/4/18,0.9803921568697439,2.1978189968474898e-13
630,6/5/18,0.9803921568486568,3.15049584298784e-11
631,6/6/18,0.9803921568295472,5.306953867873661e-11
632,6/7/18,0.980392134886903,2.4212138488448212e-08
633,6/8/18,0.9803921567964405,8.964199644360823e-11
634,6/9/18,0.980392156783851,1.020144330738404e-10
635,6/10/18,1.775201492896655e-09,0.9900990093463308
636,6/11/18,3.3290173407005715e-11,0.9900990098721
637,6/12/18,3.768525599709038e-11,0.9900990098680215
638,6/13/18,1.7015154269895612e-11,0.9900990098875965
639,6/14/18,1.813345704038072e-11,0.9900990098865
640,6/15/18,2.0612115610336708e-11,0.990099009884208
641,6/16/18,2.8574733218252606e-11,0.9900990098769106
642,6/17/18,1.984251625117025e-11,0.9900990098848735
643,6/18/18,1.9316254692596052e-11,0.9900990098853846
644,6/19/18,1.432658848620401e-11,0.9900990098900998
645,6/20/18,1.4664899511720676e-11,0.9900990098897738
646,6/21/18,1.4596897686187372e-11,0.9900990098898171
647,6/22/18,9.579691873554414e-12,0.9900990098943996
648,6/23/18,1.3751781094885368e-11,0.9900990098929842
649,6/24/18,1.3748060070162478e-11,0.9900990098927916
650,6/25/18,1.0101539454589107e-11,0.990099009894172
651,6/26/18,9.894806329210003e-12,0.9900990098938726
652,6/27/18,9.873885790739974e-12,0.9900990098938501
653,6/28/18,9.911461568586508e-12,0.9900990098940545
654,6/29/18,1.1096347078052894e-11,0.990099009893462
655,6/30/18,9.755339063022584e-12,0.9900990098937986
656,7/1/18,1.0364734419537263e-11,0.9900990098931972
657,7/2/18,9.985305989964778e-12,0.9900990098935165
658,7/3/18,1.0142952816827759e-11,0.9900990098933324
659,7/4/18,9.909553404568241e-12,0.9900990098935148
660,7/5/18,1.1020476454757744e-11,0.990099009892643
661,7/6/18,1.0700772308772424e-11,0.9900990098928676
662,7/7/18,1.658520731623767e-11,0.9900990098887277
663,7/8/18,1.9411290951219223e-11,0.9900990098868038
664,7/9/18,1.8525871709585118e-11,0.990099009887403
665,7/10/18,3.2568415366407265e-11,0.9900990098785808
666,7/11/18,2.7821376089846568e-11,0.9900990098813959
667,7/12/18,3.046806450543416e-11,0.9900990098798015
668,7/13/18,2.0756380488651895e-11,0.9900990098859116
669,7/14/18,2.0096454165883535e-11,0.9900990098863522
670,7/15/18,2.0322105582304637e-11,0.9900990098862016
671,7/16/18,3.985121222556202e-11,0.9900990098745915
672,7/17/18,5.825211764577091e-11,0.9900990098665269
673,7/18/18,1.2298334358135522e-10,0.9900990098616863
674,7/19/18,1.0162382380929841e-10,0.9900990098590183
675,7/20/18,1.1197286380306105e-10,0.9900990098596614
676,7/21/18,9.922249145722256e-11,0.990099009858904
677,7/22/18,4.032709342922525e-10,0.9900990102908453
678,7/23/18,1.1113213786162224e-09,0.9900990106073556
679,7/24/18,9.775584062218658e-10,0.990099010713239
680,7/25/18,0.9803920896916832,7.101687528971312e-08
681,7/26/18,0.9803921568516455,1.1625195112905051e-11
682,7/27/18,0.9803921568078525,5.783899281296703e-11
683,7/28/18,0.9803921568289304,3.5368465508720195e-11
684,7/29/18,0.9803921568485,1.4908299582931995e-11
685,7/30/18,0.9803921568513596,1.193902811844751e-11
686,7/31/18,0.9803921567431251,1.243201016433234e-10
687,8/1/18,5.179246341433618e-10,0.9900990105873775
688,8/2/18,5.980841219253089e-10,0.9900990107232137
689,8/3/18,5.156030849156878e-10,0.9900990105676393
690,8/4/18,3.135200257084897e-10,0.9900990101117195
691,8/5/18,2.2249335602801803e-10,0.990099009937923
692,8/6/18,2.0108669795918742e-10,0.9900990099099315
693,8/7/18,2.170226733213989e-10,0.9900990099260695
694,8/8/18,1.3286965623357154e-10,0.9900990098622364
695,8/9/18,2.92766800319615e-10,0.9900990100446108
696,8/10/18,2.4113542015587223e-10,0.9900990099555679
697,8/11/18,1.3817032788884252e-10,0.9900990098638291
698,8/12/18,7.225161820550276e-10,0.9900990106639446
699,8/13/18,4.083492770766239e-10,0.9900990102671902
700,8/14/18,2.871495925521021e-10,0.990099010041637
701,8/15/18,6.330407060698286e-10,0.9900990106323196
702,8/16/18,7.154172880905251e-10,0.9900990106857149
703,8/17/18,6.600816343062144e-10,0.990099010664092
704,8/18/18,3.9463558166138156e-10,0.9900990102505007
705,8/19/18,3.7636161703770085e-10,0.9900990102136674
706,8/20/18,3.4801423408273003e-10,0.9900990101575801
707,8/21/18,8.434187675619493e-10,0.9900990106919418
708,8/22/18,0.9803921568095528,5.585235437037652e-11
709,8/23/18,8.510590490738925e-09,0.9900990026627385
710,8/24/18,0.9803921567043223,1.8264839741745723e-10
711,8/25/18,0.9803921568364823,2.7250815317417398e-11
712,8/26/18,0.980392107770263,5.156016868503944e-08
713,8/27/18,0.9803920759683237,8.437631046930868e-08
714,8/28/18,0.9803921568499551,1.4044781419324651e-11
715,8/29/18,0.9803921568398467,2.4736259750161708e-11
716,8/30/18,0.9803920433222107,1.1761036946767312e-07
717,8/31/18,0.9803921568464776,1.675367463493211e-11
718,9/1/18,0.9803921568052668,5.96419002697481e-11
719,9/2/18,0.9803921567636984,1.1380678099128828e-10
720,9/3/18,0.9803921568411872,2.3021284487023165e-11
721,9/4/18,0.9803921568505882,1.3077528326606503e-11
722,9/5/18,0.9803921568414576,2.248574172850522e-11
723,9/6/18,2.1020988287443906e-10,0.9900990098810857
724,9/7/18,3.740661440155265e-10,0.9900990100368551
725,9/8/18,4.3267579417537593e-10,0.9900990100827604
726,9/9/18,5.560370937568059e-10,0.9900990101435161
727,9/10/18,3.7244539816610276e-10,0.9900990099855393
728,9/11/18,0.9803921566443274,3.0416270568278457e-10
729,9/12/18,0.9803921565643781,4.514287784166865e-10
730,9/13/18,0.9803921565485402,6.152074200696561e-10
731,9/14/18,0.9803921552233598,1.656078002937115e-09
732,9/15/18,8.207203712839965e-11,0.9900990098342903
733,9/16/18,4.68685885289512e-11,0.9900990098586037
734,9/17/18,2.897951827904845e-11,0.9900990098762948
735,9/18/18,2.6263474227457786e-11,0.9900990098789585
736,9/19/18,3.150633745817734e-11,0.9900990098737913
737,9/20/18,2.882683161119234e-11,0.9900990098764209
738,9/21/18,3.3320371150492195e-11,0.9900990098719762
739,9/22/18,4.0034401607544563e-11,0.9900990098653435
740,9/23/18,1.835806539436353e-11,0.9900990098865575
741,9/24/18,1.7037169997134118e-11,0.9900990098877921
742,9/25/18,1.995633611752226e-11,0.990099009884993
743,9/26/18,1.419065330807855e-11,0.9900990098904157
744,9/27/18,1.6051135683051397e-11,0.9900990098886623
745,9/28/18,1.8778787648506698e-11,0.9900990098860658
746,9/29/18,2.115128382321338e-11,0.9900990098837678
747,9/30/18,3.9905185245550226e-11,0.9900990098659084
748,10/1/18,3.5921671970186646e-11,0.9900990098697172
749,10/2/18,4.0866052531099435e-11,0.9900990098650115
750,10/3/18,4.604893991187114e-11,0.9900990098600345
751,10/4/18,3.589960319603915e-11,0.9900990098692929
752,10/5/18,4.407814508085179e-11,0.9900990098638579
753,10/6/18,4.741185273198156e-11,0.9900990098617237
754,10/7/18,1.1634234707894348e-10,0.9900990098343373
755,10/8/18,0.9803921566358718,3.0631763388698045e-10
756,10/9/18,0.9803921566362218,3.267537978665331e-10
757,10/10/18,0.9803920161220714,1.4748523042317977e-07
758,10/11/18,1.7256127266744811e-10,0.99009900983409
759,10/12/18,8.157791743805169e-11,0.9900990098450875
760,10/13/18,1.0564204007200898e-10,0.9900990098371771
761,10/14/18,5.99021433508807e-11,0.9900990098545854
762,10/15/18,9.344133323799018e-11,0.9900990098401357
763,10/16/18,1.9262939015360385e-10,0.9900990098354147
764,10/17/18,1.1117598561888877e-10,0.9900990098348269
765,10/18/18,1.3109398875004316e-10,0.9900990098312401
766,10/19/18,7.399902108459614e-11,0.9900990098471292
767,10/20/18,1.1291298489792642e-10,0.9900990098339216
768,10/21/18,7.230819965702504e-11,0.9900990098473745
769,10/22/18,1.7358425373523786e-10,0.9900990098292434
770,10/23/18,5.5311166937373835e-11,0.9900990098557584
771,10/24/18,6.309368252928684e-11,0.9900990098428033
772,10/25/18,7.712746001670342e-11,0.990099009829387
773,10/26/18,8.13757007280719e-11,0.9900990098252983
774,10/27/18,4.4189236252765376e-11,0.9900990098614522
775,10/28/18,3.155274969062343e-11,0.9900990098737307
776,10/29/18,3.375644122994454e-11,0.9900990098715627
777,10/30/18,2.995785397772509e-11,0.9900990098753251
778,10/31/18,3.062800008349619e-11,0.9900990098746674
779,11/1/18,2.0920536870927532e-11,0.9900990098842001
780,11/2/18,2.1442901488203713e-11,0.9900990098837101
781,11/3/18,1.9985613350480175e-11,0.990099009885135
782,11/4/18,2.545390295626405e-11,0.9900990098798289
783,11/5/18,2.373985937166659e-10,0.9900990096691127
784,11/6/18,1.8180903295321096e-10,0.9900990097253873
785,11/7/18,1.2595248111434443e-10,0.9900990098120238
786,11/8/18,1.936065066048935e-10,0.990099009801989
787,11/9/18,3.487625685992287e-10,0.9900990099067529
788,11/10/18,1.1237505475783014e-10,0.9900990098188642
789,11/11/18,1.4117608790039488e-10,0.9900990098108284
790,11/12/18,2.677116424809921e-10,0.9900990098366981
791,11/13/18,1.1423640728548137e-10,0.9900990097907387
792,11/14/18,9.939914675487217e-11,0.990099009807083
793,11/15/18,2.5428115497288865e-11,0.9900990098798111
794,11/16/18,2.161079692344565e-11,0.9900990098835329
795,11/17/18,2.3219987198660876e-11,0.9900990098819714
796,11/18/18,2.2781037979889733e-11,0.9900990098823971
797,11/19/18,1.363597015834204e-11,0.9900990098910849
798,11/20/18,1.5995490384380142e-11,0.9900990098952133
799,11/21/18,1.7993296536129447e-11,0.9900990098944579
800,11/22/18,1.715115893603695e-11,0.9900990098939038
801,11/23/18,1.802420334685442e-11,0.9900990098933974
802,11/24/18,1.7145973976898024e-11,0.9900990098930141
803,11/25/18,1.8604582472466823e-11,0.9900990098927556
804,11/26/18,1.8007252962316648e-11,0.9900990098925014
805,11/27/18,1.7334781940015086e-11,0.9900990098926491
806,11/28/18,1.5787187220572495e-11,0.9900990098921739
807,11/29/18,1.469943142248636e-11,0.9900990098922854
808,11/30/18,1.3891505944662297e-11,0.990099009892448
809,12/1/18,1.394317622233681e-11,0.9900990098924489
810,12/2/18,1.2721210901270193e-11,0.9900990098927827
811,12/3/18,1.2886397225490149e-11,0.990099009892754
812,12/4/18,1.3794368554516886e-11,0.9900990098927405
813,12/5/18,1.3479957378145566e-11,0.9900990098930051
814,12/6/18,1.3059103833801851e-11,0.9900990098934073
815,12/7/18,1.1411364863238992e-11,0.9900990098949514
816,12/8/18,1.0788503140720225e-11,0.9900990098951368
817,12/9/18,1.0293685103622833e-11,0.9900990098952799
818,12/10/18,1.0432705701511832e-11,0.990099009894531
819,12/11/18,1.0025458510096022e-11,0.9900990098948448
820,12/12/18,9.677193723279657e-12,0.9900990098950306
821,12/13/18,9.326357407582098e-12,0.9900990098952372
822,12/14/18,8.608303678994184e-12,0.9900990098959082
823,12/15/18,7.83561046507783e-12,0.9900990098964877
824,12/16/18,7.594034832198507e-12,0.990099009896546
825,12/17/18,7.73892118423736e-12,0.9900990098962694
826,12/18/18,8.022030857805775e-12,0.9900990098957347
827,12/19/18,7.866372857884165e-12,0.9900990098953706
828,12/20/18,7.506541784373617e-12,0.9900990098953516
829,12/21/18,7.80394433107288e-12,0.9900990098949639
830,12/22/18,8.064848769444486e-12,0.9900990098950675
831,12/23/18,7.812973004979516e-12,0.9900990098950923
832,12/24/18,8.265843637699499e-12,0.9900990098949024
833,12/25/18,9.169246905468141e-12,0.9900990098946807
834,12/26/18,9.267595258345232e-12,0.9900990098946071
835,12/27/18,9.381052000077279e-12,0.9900990098945314
836,12/28/18,9.84941389552464e-12,0.9900990098944846
837,12/29/18,9.41211976923233e-12,0.9900990098943683
838,12/30/18,1.02587648486011e-11,0.9900990098942383
839,12/31/18,1.0323306615460017e-11,0.990099009894134
840,1/1/19,1.0638247508928384e-11,0.990099009894111
841,1/2/19,1.0596806488017934e-11,0.9900990098939548
842,1/3/19,1.0912610629233757e-11,0.9900990098938438
843,1/4/19,1.1591319385496163e-11,0.9900990098936132
844,1/5/19,1.2058577031130399e-11,0.9900990098933661
845,1/6/19,1.2804260569044618e-11,0.9900990098930786
846,1/7/19,1.3281024863380773e-11,0.990099009892778
847,1/8/19,1.421400592124309e-11,0.9900990098924973
848,1/9/19,1.5001184916537604e-11,0.9900990098922954
849,1/10/19,1.6576244489537473e-11,0.9900990098923739
850,1/11/19,1.7370232611902013e-11,0.9900990098927006
851,1/12/19,1.804598036013028e-11,0.9900990098927396
852,1/13/19,1.8642019750184074e-11,0.9900990098928244
853,1/14/19,1.885555766989917e-11,0.9900990098930116
854,1/15/19,1.8015032766831755e-11,0.9900990098933691
855,1/16/19,1.8322517709883587e-11,0.9900990098939626
856,1/17/19,1.848961977956378e-11,0.9900990098947292
857,1/18/19,1.6818637366236076e-11,0.9900990098952803
858,1/19/19,8.580847408723307e-12,0.9900990098955413
859,1/20/19,1.3329948064290928e-11,0.9900990098911763
860,1/21/19,9.16491289715069e-12,0.9900990098949122
861,1/22/19,1.3148126257251524e-11,0.9900990098912236
862,1/23/19,1.3714418260814714e-11,0.9900990098906366
863,1/24/19,3.463233728533845e-11,0.9900990098750201
864,1/25/19,2.8912455010053762e-11,0.9900990098794977
865,1/26/19,4.649668509788487e-11,0.9900990098701089
866,1/27/19,2.0016365289085385e-11,0.9900990098861113
867,1/28/19,1.4347776902294977e-11,0.9900990098902039
868,1/29/19,1.0870175662858626e-11,0.990099009892861
869,1/30/19,1.3540013404957129e-11,0.9900990098908247
870,1/31/19,1.3257518730658154e-11,0.9900990098910373
871,2/1/19,1.599821645813517e-11,0.9900990098890915
872,2/2/19,2.916679299149194e-11,0.990099009880503
873,2/3/19,4.080393986568849e-11,0.9900990098741298
874,2/4/19,5.4243662470488816e-11,0.9900990098682069
875,2/5/19,1.448002369345676e-10,0.9900990098704161
876,2/6/19,1.427997964031123e-10,0.9900990098701357
877,2/7/19,1.1496962942066985e-10,0.9900990098615835
878,2/8/19,9.028567673018428e-11,0.9900990098602164
879,2/9/19,2.8859130212373425e-10,0.9900990100884988
880,2/10/19,3.1090959625507884e-10,0.9900990101441458
881,2/11/19,3.462794612094217e-10,0.9900990102358319
882,2/12/19,3.9828857979765514e-10,0.9900990103797264
883,2/13/19,4.3958216359280507e-10,0.9900990104992683
884,2/14/19,3.8008505964328497e-10,0.9900990103358531
885,2/15/19,2.5070998232668775e-10,0.9900990100094684
886,2/16/19,1.6397116286815427e-10,0.9900990098848454
887,2/17/19,9.322911051454621e-11,0.9900990098592612
888,2/18/19,6.899514504342458e-11,0.9900990098628631
889,2/19/19,8.135314536926045e-11,0.9900990098602672
890,2/20/19,1.2865828964380174e-10,0.9900990098645188
891,2/21/19,1.2289612096920173e-10,0.990099009862586
892,2/22/19,1.262414821537872e-10,0.9900990098634928
893,2/23/19,2.1447182502416629e-10,0.9900990099414767
894,2/24/19,3.0866402898560304e-10,0.9900990101505358
895,2/25/19,1.223741294336419e-10,0.9900990098620291
896,2/26/19,2.2295559647081904e-10,0.9900990099535458
897,2/27/19,1.3850524420423543e-10,0.990099009867916
898,2/28/19,2.0447286305602068e-10,0.9900990099254704
899,3/1/19,2.1666151768520713e-10,0.9900990099422471
900,3/2/19,2.311079900857991e-10,0.9900990099643583
901,3/3/19,1.7226160262786538e-10,0.9900990098894895
902,3/4/19,2.120606247216741e-10,0.9900990099329222
903,3/5/19,1.7204641677351535e-10,0.9900990098885166
904,3/6/19,2.3530414760316883e-10,0.9900990099633374
905,3/7/19,1.9441471918571523e-10,0.9900990099065348
906,3/8/19,1.3871870165445936e-10,0.9900990098666633
907,3/9/19,1.251048309879341e-10,0.9900990098618213
908,3/10/19,1.5893290890201726e-10,0.9900990098737006
909,3/11/19,3.549681695422032e-10,0.9900990101320989
910,3/12/19,6.31993070358998e-10,0.9900990104538281
911,3/13/19,6.265536397207537e-10,0.990099010370439
912,3/14/19,6.5090197522751126e-09,0.9900990038095344
913,3/15/19,0.9803921567900282,7.847922224884608e-11
914,3/16/19,0.9803921370034197,2.0173869128004268e-08
915,3/17/19,0.9803921568125178,5.254302852944269e-11
916,3/18/19,0.9803919926638435,1.7092030371200124e-07
917,3/19/19,0.9803919587682687,2.0424635961606318e-07
918,3/20/19,0.9803921568212821,4.276713982777297e-11
919,3/21/19,0.9803921568224179,4.155783593942294e-11
920,3/22/19,0.9803921291302053,2.969294107817658e-08
921,3/23/19,0.9803921426921341,1.5481553260806043e-08
922,3/24/19,0.9803921317838379,2.675777891062003e-08
923,3/25/19,0.9803921246483132,3.415737222606608e-08
924,3/26/19,0.9803920963041671,6.3297699596151e-08
925,3/27/19,0.9803921245561542,3.4278674853565855e-08
926,3/28/19,0.9803921568698655,1.0646779197815476e-12
927,3/29/19,0.9803921566098635,2.669206338910782e-10
928,3/30/19,0.9803921568680759,5.2589275468846224e-14
929,3/31/19,0.9803921568680393,8.452589684591924e-14
930,4/1/19,0.980392156868114,5.235678185089076e-14
931,4/2/19,0.980392156868036,8.205188141775002e-14
932,4/3/19,0.9803921568732239,8.877106323833874e-12
933,4/4/19,0.980392156870757,2.0714784938726724e-11
934,4/5/19,0.9803921568629749,4.061343425789784e-11
935,4/6/19,0.9803921568372701,9.86080704354048e-11
936,4/7/19,0.9803921567830535,1.9622776046643076e-10
937,4/8/19,0.9803921566748686,3.998845228799115e-10
938,4/9/19,0.9803921564850282,7.335936988471983e-10
939,4/10/19,0.9803921559586197,1.349726547625108e-09
940,4/11/19,0.9803921558097692,1.6340130370869796e-09
941,4/12/19,0.9803921549615289,2.6015988411454383e-09
942,4/13/19,0.9803921548816321,2.803439704011116e-09
943,4/14/19,0.9803921544187759,3.4177942951842494e-09
944,4/15/19,0.980392154383884,3.59985126302072e-09
945,4/16/19,0.9803921538074104,4.3401699023218256e-09
946,4/17/19,0.980392154001787,4.252213189449105e-09
947,4/18/19,0.9803921538226464,4.511466193311516e-09
948,4/19/19,0.9803921538679279,4.470658610882741e-09
949,4/20/19,0.98039215233496,6.116681290807386e-09
950,4/21/19,0.980392152638501,5.79088831880065e-09
951,4/22/19,0.9803921514584496,7.065382214121727e-09
952,4/23/19,0.9803921529064753,5.4517181794476225e-09
953,4/24/19,0.9803921532014346,5.160512221447219e-09
954,4/25/19,0.9803921502155362,8.46916654204396e-09
955,4/26/19,0.9803921527134202,5.680485376776305e-09
956,4/27/19,0.9803921524458988,5.971398111886746e-09
957,4/28/19,0.9803921527458945,5.58416294264605e-09
958,4/29/19,0.9803921530238147,5.251174189748436e-09
959,4/30/19,0.9803921525390593,5.7399490233961286e-09
960,5/1/19,0.9803921529342547,5.264278395771381e-09
961,5/2/19,0.980392153895639,4.140791038215746e-09
962,5/3/19,0.9803921540014019,3.947356269413439e-09
963,5/4/19,0.980392155217203,2.5926144005318254e-09
964,5/5/19,0.9803921551526164,2.6211080298235384e-09
965,5/6/19,0.980392155237337,2.4580264205538953e-09
966,5/7/19,0.9803921555284584,2.0381976848888937e-09
967,5/8/19,0.9803921558698644,1.5770679387291676e-09
968,5/9/19,0.9803921561001653,1.2587198195387595e-09
969,5/10/19,0.9803921562749522,1.0586529973514682e-09
970,5/11/19,0.9803921563803555,9.687803661556674e-10
971,5/12/19,0.9803921565473571,9.093057106431904e-10
972,5/13/19,0.9803921563885631,1.1673713639722083e-09
973,5/14/19,0.9803921564976337,1.2580147446867494e-09
974,5/15/19,0.9803921563896406,1.6125396885263219e-09
975,5/16/19,0.9803921562732499,2.0138590986409415e-09
976,5/17/19,0.9803921560467598,2.4866491405205065e-09
977,5/18/19,0.9803921555969957,3.102488825208773e-09
978,5/19/19,0.9803921554004108,3.343204039207629e-09
979,5/20/19,0.9803921560543583,2.708869301051315e-09
980,5/21/19,0.9803921559310007,3.021188257011028e-09
981,5/22/19,0.9803921557649334,3.3510340156896188e-09
982,5/23/19,0.9803921553412014,3.895773179820954e-09
983,5/24/19,0.9803921556297178,3.5889140281547153e-09
984,5/25/19,0.9803921557818128,3.426651636425567e-09
985,5/26/19,0.9803921557650707,3.4615871092691495e-09
986,5/27/19,0.9803921559719792,3.2910664959567362e-09
987,5/28/19,0.980392155971037,3.3690037352896377e-09
988,5/29/19,0.9803921557442038,3.738089114058511e-09
989,5/30/19,0.980392155667398,3.880867575611452e-09
990,5/31/19,0.9803921552504022,4.352221513717626e-09
991,6/1/19,0.9803921554798587,4.036532212206301e-09
992,6/2/19,0.9803921531848975,6.740678938761801e-09
993,6/3/19,0.9803921529372908,6.9896351902884236e-09
994,6/4/19,0.9803921513995852,8.694776585776768e-09
995,6/5/19,0.9803921467914847,1.3866891542874954e-08
996,6/6/19,0.9803921479541807,1.2498958838711844e-08
997,6/7/19,0.9803921465614495,1.4046972122298827e-08
998,6/8/19,0.9803921477139953,1.2736016463979528e-08
999,6/9/19,0.9803921489241266,1.1301913206285689e-08
1000,6/10/19,0.98039214366732,1.7173172288206245e-08
1001,6/11/19,0.9803921515637041,8.194847328203465e-09
1002,6/12/19,0.9803921508572694,8.909192041425844e-09
1003,6/13/19,0.9803921523606837,7.119799031513001e-09
1004,6/14/19,0.9803921517829385,7.687377955499522e-09
1005,6/15/19,0.9803921538972714,5.213961363169268e-09
1006,6/16/19,0.9803921538431857,5.206208223958563e-09
1007,6/17/19,0.9803921542736171,4.659730889931957e-09
1008,6/18/19,0.9803921547720659,4.043269937239008e-09
1009,6/19/19,0.9803921546468192,4.055033096586196e-09
1010,6/20/19,0.9803921548029844,3.742550290222405e-09
1011,6/21/19,0.9803921553093597,3.018996655547921e-09
1012,6/22/19,0.9803921558099093,2.3624000694419576e-09
1013,6/23/19,0.9803921560081895,2.065764038284025e-09
1014,6/24/19,0.9803921562416019,1.6838468332109022e-09
1015,6/25/19,0.9803921564134584,1.4454335134118534e-09
1016,6/26/19,0.9803921565655541,1.2484987789282615e-09
1017,6/27/19,0.980392156701306,1.1274965459845177e-09
1018,6/28/19,0.9803921564509085,1.439154401941006e-09
1019,6/29/19,0.9803921566728436,1.1426186686233233e-09
1020,6/30/19,0.9803921566238295,1.1905857642250473e-09
1021,7/1/19,0.9803921564757763,1.2888692698083079e-09
1022,7/2/19,0.9803921564995266,1.1499420507120196e-09
1023,7/3/19,0.9803921564599806,1.126366352732482e-09
1024,7/4/19,0.9803921566332624,8.70703250314594e-10
1025,7/5/19,0.9803921566200834,8.137112045490276e-10
1026,7/6/19,0.9803921566522549,6.940634801500883e-10
1027,7/7/19,0.9803921567180631,5.393267284049078e-10
1028,7/8/19,0.9803921567502538,4.3500890697124917e-10
1029,7/9/19,0.9803921567905256,3.4832281881832275e-10
1030,7/10/19,0.980392156792997,3.2575694248500295e-10
1031,7/11/19,0.9803921566946556,4.2468802897438276e-10
1032,7/12/19,0.9803921566735457,4.5235398701701723e-10
1033,7/13/19,0.9803921565248547,6.160162851727299e-10
1034,7/14/19,0.9803921561991271,1.0011728672442454e-09
1035,7/15/19,0.9803921430845904,1.5901962362332657e-08
1036,7/16/19,0.9803921545110447,3.0839977477628398e-09
1037,7/17/19,0.9803921467478848,1.1812929543707802e-08
1038,7/18/19,0.9803921491211619,9.368035698674018e-09
1039,7/19/19,0.9803921568603435,2.7531232364812965e-12
1040,7/20/19,0.9803921568602568,2.861412033144275e-12
1041,7/21/19,0.9803921362244746,2.4071514820120556e-08
1042,7/22/19,0.9803921441061719,1.562940458130242e-08
1043,7/23/19,0.9803921568594484,3.78904238439756e-12
1044,7/24/19,0.9803921568492633,1.4499107133314998e-11
1045,7/25/19,0.9803921567927767,7.611869799964841e-11
1046,7/26/19,5.351178884284528e-09,0.9900990059790256
1047,7/27/19,1.1317243547243435e-09,0.9900990105128266
1048,7/28/19,4.759469551404008e-10,0.9900990104634166
1049,7/29/19,5.633968078808374e-10,0.9900990106567366
1050,7/30/19,0.9803913305512832,8.371482712505355e-07
1051,7/31/19,8.449102803952124e-10,0.9900990108743337
1052,8/1/19,0.9803921568237076,4.049831621884084e-11
1053,8/2/19,0.9803921568236108,4.058866114168483e-11
1054,8/3/19,0.9803921568318258,3.294065780051399e-11
1055,8/4/19,0.9803921568590728,4.1667445470586846e-12
1056,8/5/19,0.9803921568671454,5.500473486987841e-12
1057,8/6/19,0.9803921327001629,2.9745757395344577e-08
1058,8/7/19,0.9803921568564176,6.1719552889641674e-12
1059,8/8/19,0.9803921568611235,1.9380557269141612e-12
1060,8/9/19,0.9803921332192241,2.9283300451537738e-08
1061,8/10/19,0.9803921568587636,4.529627952528345e-12
1062,8/11/19,0.9803921568565662,7.542731874151802e-12
1063,8/12/19,0.9803921568547339,8.72658422773754e-12
1064,8/13/19,0.9803921568540012,9.605507164375279e-12
1065,8/14/19,0.9803921568362403,2.7512598179508133e-11
1066,8/15/19,5.571069227491376e-10,0.9900990108065963
1067,8/16/19,6.050765786206121e-10,0.990099010917788
1068,8/17/19,4.054880272084957e-10,0.9900990104257181
1069,8/18/19,4.68141347411701e-10,0.9900990106194316
1070,8/19/19,6.302638652852508e-10,0.9900990110158336
1071,8/20/19,3.0784148365003762e-09,0.9900990089623297
1072,8/21/19,3.799113066335305e-10,0.990099010373665
1073,8/22/19,1.5001169235083168e-10,0.9900990098748621
1074,8/23/19,1.3915569334598207e-10,0.9900990098685286
1075,8/24/19,1.7865691761703605e-10,0.9900990098997653
1076,8/25/19,7.33668252457587e-11,0.990099009860843
1077,8/26/19,3.678644197218078e-11,0.990099009875875
1078,8/27/19,1.0438166606391379e-10,0.9900990098583582
1079,8/28/19,4.0013854286378834e-11,0.9900990098740852
1080,8/29/19,3.789200093301006e-11,0.9900990098752646
1081,8/30/19,5.988639713386993e-11,0.9900990098650013
1082,8/31/19,7.155840170154143e-11,0.9900990098613962
1083,9/1/19,6.994138140479777e-11,0.990099009861851
1084,9/2/19,3.7178716844229196e-11,0.9900990098756954
1085,9/3/19,7.682751541360104e-11,0.990099009860481
1086,9/4/19,9.937536341493418e-11,0.9900990098589256
1087,9/5/19,8.342092355132855e-11,0.990099009859881
1088,9/6/19,7.396740267745576e-11,0.9900990098617093
1089,9/7/19,3.210564743000259e-11,0.9900990098787746
1090,9/8/19,3.169456477588894e-11,0.9900990098790461
1091,9/9/19,4.3720499251777186e-11,0.9900990098726383
1092,9/10/19,6.766629060126066e-11,0.9900990098637208
1093,9/11/19,4.290958427057406e-11,0.990099009873075
1094,9/12/19,5.2209335753021903e-11,0.9900990098689316
1095,9/13/19,2.024872634270388e-10,0.9900990099242986
1096,9/14/19,9.459860846737533e-11,0.9900990098600961
1097,9/15/19,4.054776907809886e-10,0.9900990103661707
1098,9/16/19,3.0245143558561064e-10,0.9900990101179407
1099,9/17/19,1.1200444272554539e-10,0.9900990098616029
1100,9/18/19,1.1313729110526537e-10,0.9900990098618301
1101,9/19/19,8.936536223178172e-11,0.9900990098605312
1102,9/20/19,1.063168118928517e-10,0.9900990098608956
1103,9/21/19,1.2116680355758702e-10,0.990099009863476
1104,9/22/19,1.648023067816723e-10,0.9900990098846146
1105,9/23/19,1.491896406066797e-10,0.9900990098744723
1106,9/24/19,9.598362490602424e-11,0.9900990098603641
1107,9/25/19,3.370154707455898e-11,0.9900990098779788
1108,9/26/19,4.683996367671112e-11,0.9900990098713925
1109,9/27/19,3.4483296281389774e-11,0.9900990098775373
1110,9/28/19,4.261520308500555e-11,0.9900990098733365
1111,9/29/19,4.173507467465561e-11,0.9900990098737598
1112,9/30/19,2.2244007390952397e-11,0.9900990098849005
1113,10/1/19,2.9054407368531336e-11,0.9900990098806436
1114,10/2/19,2.4343258237596154e-11,0.9900990098835458
1115,10/3/19,1.7676969520716754e-11,0.9900990098879326
1116,10/4/19,1.653004161394077e-11,0.9900990098887138
1117,10/5/19,9.45564639188468e-12,0.9900990098939073
1118,10/6/19,1.1209912958661474e-11,0.9900990098924451
1119,10/7/19,1.167019654496994e-11,0.9900990098929934
1120,10/8/19,1.0430671366647846e-11,0.9900990098935161
1121,10/9/19,1.0432083981953182e-11,0.9900990098935809
1122,10/10/19,1.3937150775633738e-11,0.9900990098905099
1123,10/11/19,1.1224201005390295e-11,0.9900990098925275
1124,10/12/19,1.0298627761199024e-11,0.9900990098935615
1125,10/13/19,1.2982936994829041e-11,0.9900990098910701
1126,10/14/19,2.1797845699091018e-11,0.9900990098844452
1127,10/15/19,1.7725510002395795e-11,0.9900990098871425
1128,10/16/19,1.478346283677019e-11,0.9900990098895353
1129,10/17/19,1.3783988094487625e-11,0.9900990098905156
1130,10/18/19,1.2572927400378954e-11,0.9900990098916812
1131,10/19/19,9.42819255344893e-12,0.9900990098952795
1132,10/20/19,8.260396469515863e-12,0.9900990098958301
1133,10/21/19,1.6268900791497037e-11,0.9900990098883531
1134,10/22/19,1.7043950035189923e-11,0.9900990098876371
1135,10/23/19,1.0212248562511771e-11,0.9900990098939594
1136,10/24/19,9.17643237777305e-12,0.9900990098956265
1137,10/25/19,1.0784782208946601e-11,0.9900990098950273
1138,10/26/19,2.6694490970811005e-11,0.9900990098786687
1139,10/27/19,5.601341524980843e-11,0.9900990098595132
1140,10/28/19,8.479727457223093e-10,0.9900990103049715
1141,10/29/19,3.823690094300309e-10,0.9900990099792586
1142,10/30/19,5.440059450334648e-10,0.9900990101633166
1143,10/31/19,1.555090895557674e-10,0.9900990098417306
1144,11/1/19,9.992370904288808e-11,0.9900990098450304
1145,11/2/19,4.2740193313652045e-11,0.9900990098681022
1146,11/3/19,3.455621431379029e-11,0.9900990098731393
1147,11/4/19,2.8856329648301634e-11,0.9900990098767258
1148,11/5/19,4.404803551289098e-11,0.9900990098670664
1149,11/6/19,5.886522686455454e-11,0.9900990098593248
1150,11/7/19,4.7936380794210546e-11,0.9900990098651317
1151,11/8/19,4.551476254345209e-11,0.9900990098665335
1152,11/9/19,2.9902434889758517e-11,0.9900990098757951
1153,11/10/19,3.019366540216113e-11,0.9900990098762978
1154,11/11/19,5.952672812736135e-11,0.9900990098592072
1155,11/12/19,3.1877909288182e-11,0.9900990098738988
1156,11/13/19,3.3309253773643054e-11,0.9900990098725134
1157,11/14/19,3.4911190137579976e-11,0.9900990098709168
1158,11/15/19,2.9053812244722508e-11,0.9900990098763203
1159,11/16/19,2.3800697355520737e-11,0.9900990098811807
1160,11/17/19,2.7710566909874457e-11,0.9900990098775129
1161,11/18/19,2.8920301048963988e-11,0.9900990098763637
1162,11/19/19,1.7516473809429382e-11,0.9900990098872865
1163,11/20/19,1.76286642033099e-11,0.9900990098871948
1164,11/21/19,2.039903852745213e-11,0.9900990098845652
1165,11/22/19,1.3430672390711004e-11,0.9900990098911724
1166,11/23/19,1.2260647411847928e-11,0.9900990098922516
1167,11/24/19,5.2631930666771815e-11,0.9900990098534677
1168,11/25/19,2.355107746238308e-11,0.9900990098815124
1169,11/26/19,6.665736510880817e-11,0.9900990098398226
1170,11/27/19,5.452346321598711e-11,0.9900990098517019
1171,11/28/19,5.334484540066247e-11,0.9900990098573459
1172,11/29/19,5.76415124441653e-11,0.9900990098559068
1173,11/30/19,6.657033153996921e-11,0.9900990098520392
1174,12/1/19,4.924336322351804e-11,0.9900990098616875
1175,12/2/19,3.990509559190527e-11,0.9900990098679092
1176,12/3/19,3.758451894923076e-11,0.9900990098680059
1177,12/4/19,3.284236823061248e-11,0.9900990098725286
1178,12/5/19,4.684542314776528e-11,0.9900990098591533
1179,12/6/19,1.2403773813256933e-10,0.9900990098333192
1180,12/7/19,6.934548472792005e-11,0.9900990098487423
1181,12/8/19,6.241527212908854e-11,0.9900990098510881
1182,12/9/19,5.277216211558161e-11,0.9900990098532311
1183,12/10/19,2.7886983402068692e-11,0.9900990098772562
1184,12/11/19,3.57486867214783e-11,0.9900990098695392
1185,12/12/19,3.212662305476489e-11,0.9900990098731237
1186,12/13/19,3.669296796781085e-11,0.9900990098686209
1187,12/14/19,3.583770830920519e-11,0.9900990098694681
1188,12/15/19,3.37331852813323e-11,0.9900990098715519
1189,12/16/19,5.0190627823942423e-11,0.9900990098554068
1190,12/17/19,2.7022064014320212e-11,0.9900990098781796
1191,12/18/19,2.2122140826648517e-11,0.9900990098829973
1192,12/19/19,1.2756638845478125e-10,0.9900990097792358
1193,12/20/19,3.538488456985981e-11,0.9900990098699719
1194,12/21/19,3.641203007131976e-11,0.9900990098689575
1195,12/22/19,5.381535294104308e-11,0.9900990098517153
1196,12/23/19,0.980392156593203,3.7502109774242595e-10
1197,12/24/19,7.769810445590831e-10,0.9900990096783046
1198,12/25/19,2.2375016003272572e-11,0.9900990098828374
1199,12/26/19,1.0594162218268967e-11,0.9900990098938917
1200,12/27/19,9.763632885727343e-12,0.9900990098960831
1201,12/28/19,8.627902807090718e-12,0.990099009895662
1202,12/29/19,7.762609325026971e-12,0.9900990098965438
1203,12/30/19,1.3171521479566058e-11,0.9900990098915557
1204,12/31/19,9.831647938637614e-12,0.9900990098946076
1205,1/1/20,7.924437871891622e-12,0.990099009896296
1206,1/2/20,7.729934571830812e-12,0.9900990098966016
1207,1/3/20,1.0904755133126588e-11,0.9900990098959462
1208,1/4/20,9.19239042371383e-12,0.9900990098963426
1209,1/5/20,7.881592645499387e-12,0.990099009896769
1210,1/6/20,1.0050010599278188e-11,0.990099009896444
1211,1/7/20,1.0133741752436937e-11,0.9900990098943927
1212,1/8/20,2.7745409030052642e-11,0.9900990098776042
1213,1/9/20,2.6276426944470756e-11,0.9900990098790623
1214,1/10/20,1.4324706772426715e-11,0.9900990098905763
1215,1/11/20,3.1080311317566304e-11,0.9900990098743057
1216,1/12/20,2.5542818067807505e-11,0.9900990098798019
1217,1/13/20,3.298175311913427e-11,0.9900990098724015
1218,1/14/20,3.632472936774073e-11,0.9900990098690438
1219,1/15/20,3.060549472910676e-10,0.9900990098718085
1220,1/16/20,1.4339059988900404e-10,0.9900990098035314
1221,1/17/20,7.717349461150648e-11,0.9900990098326418
1222,1/18/20,0.9803921566375647,2.746016838337976e-10
1223,1/19/20,0.9803921566844525,2.0682489704967904e-10
1224,1/20/20,1.1327807282017751e-09,0.9900990097757616
1225,1/21/20,0.9803920847936825,7.533735500207466e-08
1226,1/22/20,0.9803921495254841,8.364705883795037e-09
1227,1/23/20,0.980392110527949,5.0038321557639986e-08
1228,1/24/20,0.9803921234039064,3.692047938695415e-08
1229,1/25/20,0.9803921568552147,7.904129327153518e-12
1230,1/26/20,0.9803921567072403,1.914998602554072e-10
1231,1/27/20,0.9803903815078736,1.7956994820458953e-06
1232,1/28/20,0.9803921568529547,1.02744702000604e-11
1233,1/29/20,0.9803921568532256,1.0080553874923246e-11
1234,1/30/20,0.9803921568536715,9.680409063580248e-12
1235,1/31/20,0.980392156858438,4.782339036645942e-12
1236,2/1/20,0.980392156857676,5.625218769635805e-12
1237,2/2/20,0.9803921568567767,6.614316101039628e-12
1238,2/3/20,0.9803921568572597,6.132440817634191e-12
1239,2/4/20,0.9803921568485339,1.513132531218178e-11
1240,2/5/20,0.980392156059743,8.610737853301725e-10
1241,2/6/20,0.9803921568508334,1.2990446805775462e-11
1242,2/7/20,0.9803921568508874,1.297852526497895e-11
1243,2/8/20,0.9803921568551839,8.475638092913059e-12
1244,2/9/20,0.9803921568573776,6.133025603498967e-12
1245,2/10/20,0.9803921568590612,4.294165205789049e-12
1246,2/11/20,0.980392156855431,8.275598190769784e-12
1247,2/12/20,0.9803921568584905,4.947075785396856e-12
1248,2/13/20,0.9803921568597838,3.496113019973577e-12
1249,2/14/20,0.9803921568582026,5.21995683891978e-12
1250,2/15/20,0.9803921568608657,2.22577071676198e-12
1251,2/16/20,0.9803921568601988,2.9680357438025463e-12
1252,2/17/20,0.9803921568576143,5.5560325062928875e-12
1253,2/18/20,0.9803921248541548,3.442275003919374e-08
1254,2/19/20,0.9803921568617537,7.066462668606611e-12
1255,2/20/20,0.9803920807005281,8.002613176319036e-08
1256,2/21/20,0.9803921568357519,2.7978965286715994e-11
1257,2/22/20,0.9803920726687733,8.809227397378802e-08
1258,2/23/20,0.9803920554056099,1.0596819711034219e-07
1259,2/24/20,0.9803920812488205,7.989360861608974e-08
1260,2/25/20,0.9803920419946816,1.2118988600142672e-07
1261,2/26/20,0.9803921568444142,1.908414558398423e-11
1262,2/27/20,1.9893726495433323e-09,0.990099009870787
1263,2/28/20,0.9803921567196777,1.5389579112517865e-10
1264,2/29/20,0.9803921567760963,9.261432966218075e-11
1265,3/1/20,0.9803921566908388,2.068816022437863e-10
1266,3/2/20,0.9803921568013918,6.682365499457016e-11
1267,3/3/20,0.9803921568503515,1.3683860034241463e-11
1268,3/4/20,0.9803921568494416,1.3739680621948608e-11
1269,3/5/20,0.9803921568482786,1.487858993042465e-11
1270,3/6/20,0.9803921568432308,2.0884113187457227e-11
1271,3/7/20,0.9803921535317395,3.4551216013062005e-09
1272,3/8/20,3.3194050464928656e-10,0.9900990100143696
1273,3/9/20,6.293281792689823e-11,0.9900990098608243
1274,3/10/20,9.299869113770417e-11,0.990099009850352
1275,3/11/20,3.879282232407537e-11,0.9900990098719891
1276,3/12/20,1.503522257279669e-10,0.9900990098466254
1277,3/13/20,1.5324741571683816e-11,0.9900990098924424
1278,3/14/20,1.1410998404451748e-11,0.9900990098924486
1279,3/15/20,1.3584675509428184e-11,0.9900990098925477
1280,3/16/20,1.0039091848175373e-11,0.9900990098935376
1281,3/17/20,1.1359978550000052e-11,0.9900990098931569
1282,3/18/20,1.0833179334286969e-11,0.9900990098927049
1283,3/19/20,1.612553132441634e-11,0.9900990098889652
1284,3/20/20,5.704183863964038e-11,0.9900990098674298
1285,3/21/20,6.289015155247578e-11,0.9900990098655837
1286,3/22/20,5.853105417934437e-11,0.9900990098668836
1287,3/23/20,3.667974746959848e-11,0.9900990098762228
1288,3/24/20,7.597228214040375e-11,0.9900990098625043
1289,3/25/20,1.030066242648331e-10,0.9900990098620938
1290,3/26/20,9.028726622607298e-11,0.9900990098612216
1291,3/27/20,9.066397268333184e-11,0.9900990098611342
1292,3/28/20,4.446540183038112e-11,0.9900990098721923
1293,3/29/20,2.779596521914138e-11,0.9900990098812792
1294,3/30/20,2.0973453368641495e-11,0.9900990098856748
1295,3/31/20,3.590416951196722e-11,0.9900990098764664
1296,4/1/20,4.825193692282174e-11,0.9900990098701963
1297,4/2/20,5.0119570778653346e-11,0.9900990098693445
1298,4/3/20,6.026877377389113e-11,0.9900990098654228
1299,4/4/20,5.884837796309e-11,0.9900990098658848
1300,4/5/20,6.595152388764877e-11,0.9900990098636252
1301,4/6/20,3.8918372043414e-11,0.9900990098747664
1302,4/7/20,6.393461265248827e-11,0.9900990098642013
1303,4/8/20,5.4157854152073006e-11,0.9900990098676411
1304,4/9/20,5.0617670399592686e-11,0.9900990098691482
1305,4/10/20,3.929196518345387e-11,0.9900990098746226
1306,4/11/20,3.185684331382078e-11,0.9900990098788067
1307,4/12/20,2.2923800292422286e-11,0.9900990098843827
1308,4/13/20,2.2660366997787425e-11,0.990099009884551
1309,4/14/20,1.723925328513058e-11,0.9900990098881745
1310,4/15/20,1.6535826005189463e-11,0.9900990098886452
1311,4/16/20,1.5524940863971942e-11,0.9900990098893327
1312,4/17/20,3.0652285734368724e-11,0.9900990098796291
1313,4/18/20,3.362508280918902e-11,0.9900990098779691
1314,4/19/20,2.969028095709406e-11,0.9900990098802427
1315,4/20/20,4.2076519482750876e-11,0.9900990098737428
1316,4/21/20,3.367398453230777e-11,0.9900990098780326
1317,4/22/20,2.6013359004839875e-11,0.9900990098824874
1318,4/23/20,3.0478612986071127e-11,0.9900990098798459
1319,4/24/20,4.0539953490166753e-11,0.9900990098745034
1320,4/25/20,4.6050312048937715e-11,0.9900990098718497
1321,4/26/20,5.961257567953423e-11,0.9900990098663601
1322,4/27/20,1.73054636428714e-10,0.9900990098815667
1323,4/28/20,1.6462633905605037e-10,0.9900990098746284
1324,4/29/20,1.6194474009332638e-10,0.9900990098711936
1325,4/30/20,0.9803921416806437,1.5965204880357718e-08
1326,5/1/20,2.2863911123397434e-09,0.9900990091443157
1327,5/2/20,0.9803920286993415,1.3166086856862947e-07
1328,5/3/20,0.9803921568493414,1.4342788119860756e-11
1329,5/4/20,0.9803921567833409,8.697003026494624e-11
1330,5/5/20,0.9803921567762091,9.574052494303146e-11
1331,5/6/20,0.9803921567660698,1.0819693326311074e-10
1332,5/7/20,0.9803921568533019,1.0274306053215425e-11
1333,5/8/20,0.9803921478520533,1.1876603940549565e-08
1334,5/9/20,0.980392139031948,2.2342714005248132e-08
1335,5/10/20,0.9803921568608587,2.2290616232711476e-12
1336,5/11/20,0.9803920750704609,8.62763141493629e-08
1337,5/12/20,0.9803921513490336,8.44085613079626e-09
1338,5/13/20,0.9614575025922559,0.019122126869986097
1339,5/14/20,0.8965094515086008,0.08471323088810197
1340,5/15/20,0.8400427792086619,0.1417389768570994
1341,5/16/20,0.798847086407334,0.18334254774601152
1342,5/17/20,0.770315101124025,0.2121570269101005
1343,5/18/20,0.7445205776796978,0.23820694158227304
1344,5/19/20,0.7281213334357022,0.2547685544336518
1345,5/20/20,0.7130900768068175,0.2699486357748523
1346,5/21/20,0.7031526922192266,0.2799844107688383
1347,5/22/20,0.6963449314103434,0.28685957432106357
1348,5/23/20,0.6910335366008682,0.2922235587546389
1349,5/24/20,0.6872604624341745,0.29603399009096504
1350,5/25/20,0.6850686670882474,0.29824748655209016
1351,5/26/20,0.6836918327193022,0.29963795268911336
1352,5/27/20,0.6838072413932061,0.29952140108161296
1353,5/28/20,0.6856843951320997,0.2976256604852662
1354,5/29/20,0.6863842624068905,0.2969188637452654
1355,5/30/20,0.6902444194444641,0.2930204877764931
1356,5/31/20,0.6934340883893952,0.28979923781908523
1357,6/1/20,0.6979437203077713,0.28524495721833376
1358,6/2/20,0.6996118844570265,0.2835602751247016
1359,6/3/20,0.7036984049508505,0.2794332951366291
1360,6/4/20,0.7077147959173289,0.2753771380056954
1361,6/5/20,0.7143878996603225,0.2686379627424072
1362,6/6/20,0.7208987079310522,0.26206269345934224
1363,6/7/20,0.7291163085701251,0.2537637299271688
1364,6/8/20,0.737401794986795,0.24539620883930605
1365,6/9/20,0.7492533469217305,0.23342731482075932
1366,6/10/20,0.7634790715851599,0.21906073964761982
1367,6/11/20,0.7834895247042578,0.19885216328562932
1368,6/12/20,0.8087584564604554,0.1733330459385238
1369,6/13/20,0.8367623248123833,0.14505191000087686
1370,6/14/20,0.8713589842764444,0.11011270975823209
1371,6/15/20,0.9103523139879128,0.07073330766409723
1372,6/16/20,0.9459022577122698,0.03483138330114194
1373,6/17/20,0.9803921511926114,6.13554505337237e-09
1374,6/18/20,0.980392156861249,6.922273304754821e-12
1375,6/19/20,0.9803921568563505,7.12322144530358e-12
1376,6/20/20,0.9803921568600277,3.2099591414302773e-12
1377,6/21/20,0.9803921356456254,2.5996230760535508e-08
1378,6/22/20,0.9803921314089818,2.979611837785429e-08
1379,6/23/20,0.9803921387383648,2.119689698301078e-08
1380,6/24/20,0.9803921469412396,1.1737580380559973e-08
1381,6/25/20,0.9803921399351816,1.9555899231926294e-08
1382,6/26/20,0.9803921332384976,2.7048105489739338e-08
1383,6/27/20,0.9803921568597957,3.2556057984394382e-12
1384,6/28/20,0.9803921054520549,5.671130311806347e-08
1385,6/29/20,3.0191086457109576e-10,0.9900990099343907
1386,6/30/20,4.5718030253046544e-10,0.9900990100756766
1387,7/1/20,2.1406882654955238e-10,0.990099009873294
1388,7/2/20,1.7780870133866434e-10,0.99009900985924
1389,7/3/20,2.1276572073760814e-10,0.9900990098834548
1390,7/4/20,1.9350871520827307e-10,0.9900990098744601
1391,7/5/20,1.506522820145647e-10,0.9900990098584868
1392,7/6/20,1.1032960888876504e-10,0.9900990098551112
1393,7/7/20,5.2216910364549244e-11,0.9900990098684875
1394,7/8/20,5.4573395274653264e-11,0.9900990098680275
1395,7/9/20,1.0229641286959008e-10,0.9900990098598086
1396,7/10/20,2.4933529150855865e-10,0.9900990099723754
1397,7/11/20,3.4185421745041935e-10,0.9900990101219733
1398,7/12/20,2.3391027653763214e-10,0.9900990099475064
1399,7/13/20,1.3585037967684443e-10,0.9900990098653257
1400,7/14/20,7.014983703073944e-11,0.9900990098633782
1401,7/15/20,1.2650844841636867e-10,0.9900990098616339
1402,7/16/20,9.939163790615545e-11,0.9900990098587609
1403,7/17/20,6.220504298862601e-11,0.9900990098651041
1404,7/18/20,6.323174609222018e-11,0.9900990098648798
1405,7/19/20,6.560454562842234e-11,0.990099009864199
1406,7/20/20,7.7884216341051e-11,0.9900990098611502
1407,7/21/20,1.1409252580844141e-10,0.9900990098593447
1408,7/22/20,1.2565394854355838e-10,0.990099009861267
1409,7/23/20,1.2606216540119382e-10,0.990099009861424
1410,7/24/20,2.2910790638741944e-10,0.9900990099391396
1411,7/25/20,1.4444531665609225e-10,0.9900990098671019
1412,7/26/20,1.596324617574517e-10,0.9900990098737973
1413,7/27/20,1.1840842675188783e-10,0.9900990098593938
1414,7/28/20,3.660335216314976e-10,0.990099010133701
1415,7/29/20,3.7252425224579907e-10,0.9900990101307682
1416,7/30/20,2.7709065580865615e-10,0.9900990099831696
1417,7/31/20,4.479616804579734e-10,0.9900990102068086
1418,8/1/20,1.6491491805305372e-10,0.9900990098634237
1419,8/2/20,0.9803921112852304,4.610012770126391e-08
1420,8/3/20,1.9726343484733927e-10,0.9900990098727817
1421,8/4/20,1.3113517346396974e-10,0.990099009847516
1422,8/5/20,8.120158674158577e-11,0.9900990098524108
1423,8/6/20,1.6601263859266688e-10,0.990099009844506
1424,8/7/20,2.4086815555368505e-10,0.990099009871558
1425,8/8/20,2.2023738055185638e-10,0.9900990098530896
1426,8/9/20,4.5953189052321904e-10,0.9900990102035587
1427,8/10/20,2.4431759260450503e-10,0.990099009842997
1428,8/11/20,0.9803921441459353,1.4550855558886693e-08
1429,8/12/20,0.9803921567954147,7.013936103232943e-11
1430,8/13/20,0.9803921037041553,5.580794695748117e-08
1431,8/14/20,0.9803921411380513,1.734481420936406e-08
1432,8/15/20,0.980392140701139,1.7684595320952062e-08
1433,8/16/20,0.9803921459270815,1.2168013393572836e-08
1434,8/17/20,0.980392143602213,1.4481626779028075e-08
1435,8/18/20,0.9803921563207844,8.814906285921353e-10
1436,8/19/20,0.9803921564045198,7.838476443778711e-10
1437,8/20/20,0.9803921567289313,2.999089112169841e-10
1438,8/21/20,0.9803921568687489,5.22439238783148e-14
1439,8/22/20,0.9803921537681061,3.674553226117078e-09
1440,8/23/20,0.9803921563428829,8.381729084843669e-10
1441,8/24/20,0.9803921568716562,1.0802206440829434e-12
1442,8/25/20,0.9803921568660915,1.522571635642432e-13
1443,8/26/20,0.9803921563055038,8.952743659468669e-10
1444,8/27/20,0.9803921568557121,1.0952968101447318e-11
1445,8/28/20,0.9803921554938687,1.8519578971159982e-09
1446,8/29/20,0.9803921566940736,3.553439514212351e-10
1447,8/30/20,0.9803921567226405,3.020244082272672e-10
1448,8/31/20,0.9803921568674462,1.733858448451992e-13
1449,9/1/20,0.9803921568682782,7.609156898306166e-14
1450,9/2/20,0.9803921568685843,3.404421451069363e-12
1451,9/3/20,0.9803921560011166,1.145061672074558e-09
1452,9/4/20,0.9803921566693187,2.2799322897074872e-10
1453,9/5/20,0.9803921566704443,2.291664074769433e-10
1454,9/6/20,0.9803921566871122,1.895371534479581e-10
1455,9/7/20,1.6945565566320315e-09,0.9900990090175626
1456,9/8/20,0.9803921568376613,2.569043214675606e-11
1457,9/9/20,5.627075656548482e-10,0.9900990100809538
1458,9/10/20,8.908631347037631e-10,0.9900990098213789
1459,9/11/20,0.9803921566665146,2.2743654150746396e-10
1460,9/12/20,0.980392156748213,1.2147634297284334e-10
1461,9/13/20,0.9803921568034222,6.099489478899325e-11
1462,9/14/20,0.9803921567511003,1.181347380630597e-10
1463,9/15/20,0.980392156212219,9.300399351604597e-10
1464,9/16/20,0.980392156753689,2.1706688060889637e-10
1465,9/17/20,0.9803921566664265,2.0759484803094468e-10
1466,9/18/20,0.9803921566560443,2.1812912889102716e-10
1467,9/19/20,0.9803921567293149,1.432236999539751e-10
1468,9/20/20,0.9803921567141015,1.5889131979114e-10
1469,9/21/20,0.9803921567707696,1.0024944833109992e-10
1470,9/22/20,0.9803921565151741,3.6396814017943235e-10
1471,9/23/20,0.980392156779597,9.096907870348668e-11
1472,9/24/20,0.9803921565596441,3.1778369161411373e-10
1473,9/25/20,0.9803921568107402,5.850075833577086e-11
1474,9/26/20,0.9803920361596672,1.2360471434965472e-07
1475,9/27/20,0.980392156864045,1.0252714418307428e-11
1476,9/28/20,0.9803920975711148,6.07592740645888e-08
1477,9/29/20,0.9803921504646477,6.927368439644197e-09
1478,9/30/20,1.0076905202751202e-07,0.9900989095223175
1479,10/1/20,4.562111961623435e-11,0.9900990098586746
1480,10/2/20,2.530731618257989e-10,0.9900990098193169
1481,10/3/20,6.288993220955974e-09,0.9900990036278164
1482,10/4/20,2.272895465797191e-09,0.9900990076075334
1483,10/5/20,8.514889409467727e-09,0.9900990014045242
1484,10/6/20,1.6032071890260153e-09,0.9900990083114246
1485,10/7/20,6.5721353420794795e-09,0.9900990033514777
1486,10/8/20,1.5089462824002608e-09,0.9900990084054021
1487,10/9/20,2.373038957434416e-10,0.9900990098249939
1488,10/10/20,1.0539361036024991e-10,0.9900990098009743
1489,10/11/20,2.686632405864952e-10,0.9900990098921453
1490,10/12/20,2.0409712685146967e-10,0.9900990097922624
1491,10/13/20,5.061662712353425e-10,0.9900990102347255
1492,10/14/20,1.4858513900354968e-10,0.9900990097757508
1493,10/15/20,1.6072769190729565e-10,0.9900990097818784
1494,10/16/20,2.980810741489989e-10,0.9900990099554322
1495,10/17/20,6.810181224210247e-11,0.9900990098414023
1496,10/18/20,1.3323582622064994e-10,0.9900990098049944
1497,10/19/20,1.716839010739065e-10,0.9900990097992025
1498,10/20/20,3.7667554989433395e-10,0.9900990100810546
1499,10/21/20,0.9803921566889665,1.757810606347129e-10
1500,10/22/20,0.9803921551872452,2.332305714529956e-09
1501,10/23/20,0.9803921568521182,8.656848076993332e-11
1502,10/24/20,0.9803921554494782,2.004786891302449e-09
1503,10/25/20,0.9803921568675871,1.3672551674503486e-13
1504,10/26/20,0.9803921568658326,1.8790964077418983e-13
1505,10/27/20,0.9803921568683798,2.600744315456464e-13
1506,10/28/20,0.9803921568716645,3.0564793308153123e-12
1507,10/29/20,0.9803921568701383,6.566291311129347e-13
1508,10/30/20,0.9803921568683643,2.163358552159614e-13
1509,10/31/20,0.980392156869949,5.298874538546979e-13
1510,11/1/20,0.9803921568677653,1.0781456460997098e-13
1511,11/2/20,0.9803921568705134,6.130253670320731e-13
1512,11/3/20,0.9803921568729747,1.029767276150088e-11
1513,11/4/20,0.9803921568691744,2.1775896905867833e-11
1514,11/5/20,0.9803921568556009,5.2208026506941934e-11
1515,11/6/20,0.9803921568027973,1.7817521666040138e-10
1516,11/7/20,0.9803921566817688,3.729008392997427e-10
1517,11/8/20,0.9803921564675393,6.966318059449654e-10
1518,11/9/20,0.9803921563394222,1.0305835989398682e-09
1519,11/10/20,0.9803921559399493,1.594009083245484e-09
1520,11/11/20,0.980392155600516,2.1348991621566606e-09
1521,11/12/20,0.9803921552096728,2.7876807280537257e-09
1522,11/13/20,0.9803921549867386,3.370439024232403e-09
1523,11/14/20,0.9803921537306973,5.049905099382316e-09
1524,11/15/20,0.9803921522872013,6.932933365823998e-09
1525,11/16/20,0.9803921496771792,1.009005301352769e-08
1526,11/17/20,0.9803921507755556,9.179237863473175e-09
1527,11/18/20,0.9803921517821963,8.409451946952234e-09
1528,11/19/20,0.9803921507293454,9.915150634904404e-09
1529,11/20/20,0.9803921488495484,1.229233106631055e-08
1530,11/21/20,0.9803921516556368,9.11831446431812e-09
1531,11/22/20,0.9803921507106452,9.838875628503069e-09
1532,11/23/20,0.9803921525829093,6.5068636133441524e-09
1533,11/24/20,0.9803921568503726,1.471893972417399e-11
1534,11/25/20,0.9612899298382773,0.019291362242124972
1535,11/26/20,0.9438261308814588,0.036928070426843235
1536,11/27/20,0.938702475728663,0.04210245294989305
1537,11/28/20,0.9349619680944747,0.04587999583045163
1538,11/29/20,0.9313515258890179,0.049526185707443514
1539,11/30/20,0.9306012256435205,0.050283916425016284
1540,12/1/20,0.9170569113583231,0.0639623271435284
1541,12/2/20,0.9124489706502725,0.0686158978393147
1542,12/3/20,0.907437347858048,0.07367714148814203
1543,12/4/20,0.908560056482876,0.07254331674647795
1544,12/5/20,0.9156171522109922,0.06541634668954645
1545,12/6/20,0.9215822051087366,0.059392234861669745
1546,12/7/20,0.9305079579914551,0.050378107862429494
1547,12/8/20,0.9413486485182939,0.03943008274330595
1548,12/9/20,0.9597470281537691,0.02084953899054683
1549,12/10/20,0.9734340498967194,0.0070269991148608855
1550,12/11/20,0.9803921535663254,5.853174454739232e-09
1551,12/12/20,0.9803921468273311,1.3414201284431998e-08
1552,12/13/20,0.9803921494183112,1.118923009183315e-08
1553,12/14/20,0.9803921498793763,1.1073745867903537e-08
1554,12/15/20,0.9803921500232726,1.1053493635459102e-08
1555,12/16/20,0.9803921517369858,8.955446500787195e-09
1556,12/17/20,0.9803921540170356,6.075338597299894e-09
1557,12/18/20,0.9803921550892348,4.61456379253647e-09
1558,12/19/20,0.9803921552317755,4.219081028247608e-09
1559,12/20/20,0.9803921556420309,3.5509470364257435e-09
1560,12/21/20,0.9803921549541094,4.183811832787276e-09
1561,12/22/20,0.9803921548623916,4.050587189607126e-09
1562,12/23/20,0.9803921556336078,2.9218315255974024e-09
1563,12/24/20,0.980392155601947,2.767420502576827e-09
1564,12/25/20,0.9803921559797768,2.1247197757904493e-09
1565,12/26/20,0.9803921562860588,1.6087295708638798e-09
1566,12/27/20,0.9803921563964751,1.3623955354468428e-09
1567,12/28/20,0.9803921565260046,1.0746839417203252e-09
1568,12/29/20,0.9803921566328578,8.152368854008346e-10
1569,12/30/20,0.9803921566886619,6.344934193563535e-10
1570,12/31/20,0.980392156772636,4.155015624481425e-10
1571,1/1/21,0.9803921568102303,2.9875526659316424e-10
1572,1/2/21,0.980392156824162,2.680240151297784e-10
1573,1/3/21,0.9803921568344827,2.573327618101293e-10
1574,1/4/21,0.9803921568311038,2.9233805073659223e-10
1575,1/5/21,0.9803921567769226,4.0421049263813215e-10
1576,1/6/21,0.9803921567972899,3.916739669011806e-10
1577,1/7/21,0.9803921568293263,3.869437456623874e-10
1578,1/8/21,0.9803921568156443,5.285270053019333e-10
1579,1/9/21,0.9803921568310207,6.283941769282462e-10
1580,1/10/21,0.9803921568143013,8.139305230081307e-10
1581,1/11/21,0.9803921567549492,1.019720272043317e-09
1582,1/12/21,0.9803921566211504,1.2671531785948189e-09
1583,1/13/21,0.9803921565345127,1.3534582106883827e-09
1584,1/14/21,0.9803921567295921,1.0339651099274067e-09
1585,1/15/21,0.9803921567836502,9.313609507423492e-10
1586,1/16/21,0.980392156669742,1.113472399822416e-09
1587,1/17/21,0.9803921565427896,1.2692353268053753e-09
1588,1/18/21,0.9803921565252826,1.2437125543635267e-09
1589,1/19/21,0.9803921566001709,1.0988916435355484e-09
1590,1/20/21,0.9803921564607717,1.2744276757573467e-09
1591,1/21/21,0.9803921564323294,1.2941938151755405e-09
1592,1/22/21,0.9803921559918596,1.802964057134293e-09
1593,1/23/21,0.980392156238108,1.4913898160406805e-09
1594,1/24/21,0.9803921559983096,1.7548380434237581e-09
1595,1/25/21,0.9803921561283397,1.5944188457941123e-09
1596,1/26/21,0.9803921564176346,1.1890883574970119e-09
1597,1/27/21,0.9803921565059689,1.0192288216584094e-09
1598,1/28/21,0.9803921563092423,1.1925406917397416e-09
1599,1/29/21,0.9803921564766399,9.771822188040338e-10
1600,1/30/21,0.9803921564127284,1.051984586172256e-09
1601,1/31/21,0.980392156524952,9.173383410140609e-10
1602,2/1/21,0.9803921564215469,1.036099629084755e-09
1603,2/2/21,0.9803921564584612,1.0042412412466104e-09
1604,2/3/21,0.9803921566268536,7.8778084206105e-10
1605,2/4/21,0.9803921566971594,6.823384491432788e-10
1606,2/5/21,0.9803921566733581,7.06519934033372e-10
1607,2/6/21,0.9803921567236504,6.175778104551737e-10
1608,2/7/21,0.980392156776298,5.050012703221153e-10
1609,2/8/21,0.9803921567662303,4.943684533907354e-10
1610,2/9/21,0.980392156847149,3.2863803418649454e-10
1611,2/10/21,0.9803921568490688,3.3632856299499297e-10
1612,2/11/21,0.9803921568218258,4.1889961074346036e-10
1613,2/12/21,0.9803921568397707,3.841145036392215e-10
1614,2/13/21,0.9803921568364354,3.994744510989793e-10
1615,2/14/21,0.9803921568303567,4.2067528778677156e-10
1616,2/15/21,0.9803921568079126,4.841904815553675e-10
1617,2/16/21,0.9803921567645609,5.742024982222093e-10
1618,2/17/21,0.9803921567790377,5.395079950256844e-10
1619,2/18/21,0.9803921568001462,4.926531917735364e-10
1620,2/19/21,0.9803921568060738,4.6235010438489874e-10
1621,2/20/21,0.9803921568500671,3.2978188884746357e-10
1622,2/21/21,0.9803921568364902,3.734583628827566e-10
1623,2/22/21,0.9803921568486642,3.290614995966931e-10
1624,2/23/21,0.9803921568285998,3.7814368985217553e-10
1625,2/24/21,0.9803921567721559,4.869057660566658e-10
1626,2/25/21,0.9803921567583471,5.020517134979051e-10
1627,2/26/21,0.9803921567205116,5.677420589656093e-10
1628,2/27/21,0.9803921566642948,6.72011834122941e-10
1629,2/28/21,0.9803921566382094,7.375581066747358e-10
1630,3/1/21,0.9803921565067327,9.74640203905673e-10
1631,3/2/21,0.980392156643959,8.339948086660558e-10
1632,3/3/21,0.9803921565838003,9.563145801328513e-10
1633,3/4/21,0.9803921564505049,1.189620805712484e-09
1634,3/5/21,0.9803921562547079,1.5355556274176614e-09
1635,3/6/21,0.9803921562916469,1.605666517796137e-09
1636,3/7/21,0.9803921558428013,2.3024132416650084e-09
1637,3/8/21,0.9803921553687799,3.0100800341612354e-09
1638,3/9/21,0.9803921534068475,5.4261345707408855e-09
1639,3/10/21,0.9803921534455594,5.538732644154703e-09
1640,3/11/21,0.9803921538092922,5.2137518378776465e-09
1641,3/12/21,0.9803921550042448,3.906427187568337e-09
1642,3/13/21,0.9803921555108939,3.3627296828333126e-09
1643,3/14/21,0.9803921562410972,2.4600931399442206e-09
1644,3/15/21,0.9803921552622132,3.632826929430458e-09
1645,3/16/21,0.9803921536028967,5.527927829845344e-09
1646,3/17/21,0.980392154843903,4.182498748155051e-09
1647,3/18/21,0.9803921554069926,3.5666195122601618e-09
1648,3/19/21,0.980392155150069,3.902470813778578e-09
1649,3/20/21,0.9803921549319234,4.190461797787231e-09
1650,3/21/21,0.9803921551852893,3.941285484555977e-09
1651,3/22/21,0.9803921551767601,3.991111736075035e-09
1652,3/23/21,0.9803921558226012,3.206468984762349e-09
1653,3/24/21,0.9803921552159091,3.970972815838443e-09
1654,3/25/21,0.9803921550396413,4.1998241802509195e-09
1655,3/26/21,0.9803921546968033,4.6504658623125825e-09
1656,3/27/21,0.980392155394854,3.867746118780394e-09
1657,3/28/21,0.9803921553198208,3.984499413163816e-09
1658,3/29/21,0.9803921559265221,3.245006041232743e-09
1659,3/30/21,0.9803921555397593,3.763678986601339e-09
1660,3/31/21,0.9803921553925214,3.964210251183046e-09
1661,4/1/21,0.9803921551335737,4.305782082379561e-09
1662,4/2/21,0.9803921554168382,3.974622518582651e-09
1663,4/3/21,0.9803921551868083,4.257325473999015e-09
1664,4/4/21,0.9803921538635515,5.860663166105898e-09
1665,4/5/21,0.9803921521161004,7.924038025091347e-09
1666,4/6/21,0.980392152854431,7.1241710247822994e-09
1667,4/7/21,0.9803921511756172,9.101972440912648e-09
1668,4/8/21,0.9803921465846344,1.4362038211504197e-08
1669,4/9/21,0.9803921507299179,9.72307319514179e-09
1670,4/10/21,0.9803921568607533,2.3409441732268167e-12
1671,4/11/21,0.9803921311044322,3.14492365992425e-08
1672,4/12/21,0.9803921416816459,1.9749339926762407e-08
1673,4/13/21,0.9803921568596506,3.601034398624118e-12
1674,4/14/21,0.9803921426267607,1.8366855474051186e-08
1675,4/15/21,0.9803921426922632,1.8028372559898864e-08
1676,4/16/21,0.980392136152235,2.510028336969878e-08
1677,4/17/21,0.980392125675054,3.65259587945268e-08
1678,4/18/21,0.9803921568559383,7.65641357058314e-12
1679,4/19/21,0.980392156763465,1.0317191201600337e-10
1680,4/20/21,0.9803921567805651,8.558331017247108e-11
1681,4/21/21,3.513300196571916e-10,0.9900990101580025
1682,4/22/21,1.9201684715880006e-10,0.9900990099031418
1683,4/23/21,1.046874098801449e-10,0.9900990098606769
1684,4/24/21,1.7870793985617373e-10,0.9900990098932558
1685,4/25/21,4.671630827414403e-10,0.9900990104247348
1686,4/26/21,2.177615758282979e-10,0.9900990099402256
1687,4/27/21,0.9803921568406861,2.2844459571321514e-11
1688,4/28/21,0.98039210362621,5.637557776376747e-08
1689,4/29/21,0.9803921332962003,2.5261568494347357e-08
1690,4/30/21,0.9803920815884215,7.94122957375192e-08
1691,5/1/21,0.9803921568473936,1.5921649798169208e-11
1692,5/2/21,0.9803920443481429,1.1802289923588225e-07
1693,5/3/21,0.9803921243576073,3.2841524065001505e-08
1694,5/4/21,0.9803921568220644,4.1967551751601255e-11
1695,5/5/21,5.288255249147304e-10,0.9900990105895605
1696,5/6/21,0.9803921568025471,6.205923491099333e-11
1697,5/7/21,3.8642795000485467e-10,0.9900990102945448
1698,5/8/21,4.589341844748146e-10,0.9900990104695789
1699,5/9/21,3.4103441724872884e-10,0.9900990102028867
1700,5/10/21,2.424801816038568e-10,0.990099009994025
1701,5/11/21,1.0705035386453503e-10,0.9900990098641079
1702,5/12/21,1.3705802279655086e-10,0.990099009874272
1703,5/13/21,2.5891746285670735e-11,0.9900990098824847
1704,5/14/21,4.096835486215952e-11,0.990099009874217
1705,5/15/21,7.233031787413962e-11,0.9900990098640275
1706,5/16/21,3.911843626482032e-11,0.9900990098749956
1707,5/17/21,2.7721190740350676e-11,0.9900990098812827
1708,5/18/21,2.1314528437662175e-11,0.9900990098853344
1709,5/19/21,1.7200728784153058e-11,0.9900990098881047
1710,5/20/21,1.0901125961476011e-11,0.9900990098932361
1711,5/21/21,1.8100732737045207e-11,0.9900990098875353
1712,5/22/21,1.3989945075521897e-11,0.9900990098903999
1713,5/23/21,1.5264108589778045e-11,0.9900990098895308
1714,5/24/21,1.194896797125472e-11,0.9900990098918917
1715,5/25/21,3.132114652247023e-11,0.9900990098790114
1716,5/26/21,1.704694796109784e-11,0.990099009888325
1717,5/27/21,1.853283334389158e-11,0.990099009887295
1718,5/28/21,1.2996008214025697e-11,0.9900990098911279
1719,5/29/21,9.801306099178087e-12,0.9900990098942614
1720,5/30/21,9.413452924384767e-12,0.9900990098949108
1721,5/31/21,9.376184337101418e-12,0.9900990098944036
1722,6/1/21,9.141875867558048e-12,0.9900990098941029
1723,6/2/21,9.948413073559072e-12,0.9900990098939403
1724,6/3/21,1.043191627220616e-11,0.990099009892933
1725,6/4/21,1.0790683889099372e-11,0.990099009892662
1726,6/5/21,1.0583673751367058e-11,0.9900990098934453
1727,6/6/21,1.1107159746193078e-11,0.9900990098934388
1728,6/7/21,1.0182634688552322e-11,0.9900990098934047
1729,6/8/21,1.1461206092428187e-11,0.9900990098939415
1730,6/9/21,1.1019053610853124e-11,0.9900990098941481
1731,6/10/21,1.0197710579017062e-11,0.9900990098936433
1732,6/11/21,1.0473902908030818e-11,0.9900990098937116
1733,6/12/21,9.85076481155006e-12,0.9900990098938018
1734,6/13/21,1.049160542725149e-11,0.9900990098945923
1735,6/14/21,9.581369396074272e-12,0.9900990098938932
1736,6/15/21,9.003942715474928e-12,0.9900990098939678
1737,6/16/21,1.0409060362860893e-11,0.9900990098929682
1738,6/17/21,1.1881822367790526e-11,0.9900990098919216
1739,6/18/21,1.9347876346966147e-11,0.990099009886763
1740,6/19/21,1.2373049935503512e-11,0.9900990098915711
1741,6/20/21,1.1244822225005831e-11,0.9900990098923639
1742,6/21/21,1.647441360439401e-11,0.9900990098887095
1743,6/22/21,9.163458001009755e-12,0.9900990098938834
1744,6/23/21,1.077857541077443e-11,0.9900990098926978
1745,6/24/21,1.8257738031657837e-11,0.9900990098874979
1746,6/25/21,2.5164548338174526e-11,0.9900990098829736
1747,6/26/21,1.1469326407040062e-11,0.9900990098930744
1748,6/27/21,1.2127922199302697e-11,0.9900990098928996
1749,6/28/21,9.804536151610415e-12,0.9900990098936249
1750,6/29/21,1.0151858805733793e-11,0.9900990098932559
1751,6/30/21,1.1559393087209696e-11,0.9900990098929567
1752,7/1/21,1.3789499321388293e-11,0.9900990098923604
1753,7/2/21,1.530049887732026e-11,0.9900990098921489
1754,7/3/21,1.568187111035183e-11,0.9900990098921927
1755,7/4/21,1.169253267392517e-11,0.9900990098933969
1756,7/5/21,1.5765284792805367e-11,0.990099009892743
1757,7/6/21,1.7538076614488575e-11,0.9900990098932415
1758,7/7/21,1.8174553361445634e-11,0.9900990098941176
1759,7/8/21,1.9638184532505408e-11,0.9900990098952761
1760,7/9/21,1.9965951700224543e-11,0.9900990098961749
1761,7/10/21,1.8385643666586356e-11,0.990099009897668
1762,7/11/21,1.866512993260153e-11,0.9900990098988941
1763,7/12/21,9.006046390982906e-12,0.9900990098983108
1764,7/13/21,1.3333903317888164e-11,0.9900990098999601
1765,7/14/21,1.424688979895489e-11,0.9900990099021274
1766,7/15/21,8.972083641561262e-12,0.990099009901225
1767,7/16/21,1.0302837468740677e-11,0.990099009902566
1768,7/17/21,4.3776094602477484e-12,0.9900990099008316
1769,7/18/21,7.590695265077324e-12,0.9900990098971691
1770,7/19/21,5.1032587485162236e-11,0.9900990098537815
1771,7/20/21,1.0058961234149984e-11,0.9900990098947688
1772,7/21/21,2.613498772682306e-11,0.9900990098792637
1773,7/22/21,6.215320675906716e-11,0.9900990098430646
1774,7/23/21,6.820285603422874e-10,0.9900990099253778
1775,7/24/21,1.2881386578336955e-10,0.9900990097780434
1776,7/25/21,8.959141011121775e-11,0.9900990098319985
1777,7/26/21,1.1527257894729596e-10,0.9900990098265604
1778,7/27/21,0.9803921567284085,1.510661790420824e-10
1779,7/28/21,0.9803921523571831,5.23546898281493e-09
1780,7/29/21,0.9803921431522211,1.5918647980228824e-08
1781,7/30/21,0.9803921568574999,5.841456050295815e-12
1782,7/31/21,0.9803921568553048,8.243204222942858e-12
1783,8/1/21,0.9803921568530386,1.0706289636984969e-11
1784,8/2/21,0.9803921568427447,2.0653938971411378e-11
1785,8/3/21,1.066333238865376e-09,0.9900990105954269
1786,8/4/21,2.9013275079745356e-10,0.9900990096091032
1787,8/5/21,0.980392093503419,6.732911290651188e-08
1788,8/6/21,0.9803921568561792,7.154170986344006e-12
1789,8/7/21,0.9803921557604091,1.2122161783709204e-09
1790,8/8/21,0.9379269939442899,0.042885610770868506
1791,8/9/21,0.9139412055280967,0.06710888254905938
1792,8/10/21,0.8851629437415599,0.09617207764466977
1793,8/11/21,0.8641905839641166,0.1173520836959839
1794,8/12/21,0.8490445014594539,0.1326481276884444
1795,8/13/21,0.8419462030656286,0.1398167096409271
1796,8/14/21,0.8313099237131508,0.1505582948642524
1797,8/15/21,0.8221166427883395,0.1598426030688948
1798,8/16/21,0.8108878815315442,0.17118253922619128
1799,8/17/21,0.8000178785650872,0.18216016612969801
1800,8/18/21,0.7903715604033633,0.19190199215095163
1801,8/19/21,0.7825864521544056,0.19976418070753515
1802,8/20/21,0.7709547794853581,0.21151101746901216
1803,8/21/21,0.7505803841013304,0.23208713701560374
1804,8/22/21,0.7349979552038518,0.24782384728349235
1805,8/23/21,0.7214005829357893,0.2615558469552066
1806,8/24/21,0.7097448779504979,0.27332695498918375
1807,8/25/21,0.7050034751067308,0.2781153023854967
1808,8/26/21,0.7019069489015841,0.28124248726868806
1809,8/27/21,0.7025947197479587,0.2805479083735701
1810,8/28/21,0.7003068221925295,0.28285845738678117
1811,8/29/21,0.7037605826788659,0.279370502311368
1812,8/30/21,0.7095581440101041,0.2735155385089039
1813,8/31/21,0.7180803481681884,0.26490895597454905
1814,9/1/21,0.7288543721501605,0.254028258617573
1815,9/2/21,0.734285491706208,0.2485433650022526
1816,9/3/21,0.7462232244358735,0.23648743721984683
1817,9/4/21,0.760057744715324,0.22251594106422795
1818,9/5/21,0.7782305029198991,0.20416325458451426
1819,9/6/21,0.8018990379493186,0.18026037786154095
1820,9/7/21,0.830208885366295,0.1516702354299755
1821,9/8/21,0.8647880484342333,0.11674870420202539
1822,9/9/21,0.9117695902317348,0.06930199996584469
1823,9/10/21,0.9412722196319803,0.03950726334289996
