,Date,Value,USD (PM)
0,9/11/16,621.65,1324.6
1,9/12/16,609.67,1324.6
2,9/13/16,610.92,1323.65
3,9/14/16,608.82,1321.75
4,9/15/16,610.38,1310.8
5,9/16/16,609.11,1308.35
6,9/17/16,607.04,1308.35
7,9/18/16,611.58,1308.35
8,9/19/16,610.19,1314.85
9,9/20/16,608.66,1313.8
10,9/21/16,598.88,1326.1
11,9/22/16,597.42,1339.1
12,9/23/16,594.08,1338.65
13,9/24/16,603.88,1338.65
14,9/25/16,601.74,1338.65
15,9/26/16,598.98,1340.5
16,9/27/16,605.96,1327.0
17,9/28/16,605.67,1322.5
18,9/29/16,603.85,1318.1
19,9/30/16,609.39,1322.5
20,10/1/16,614.82,1322.5
21,10/2/16,612.98,1322.5
22,10/3/16,611.85,1313.3
23,10/4/16,609.62,1283.3
24,10/5/16,607.18,1269.4
25,10/6/16,612.08,1254.5
26,10/7/16,617.21,1258.75
27,10/8/16,614.74,1258.75
28,10/9/16,615.65,1258.75
29,10/10/16,617.54,1259.5
30,10/11/16,614.77,1253.45
31,10/12/16,635.01,1256.5
32,10/13/16,635.96,1261.05
33,10/14/16,634.02,1251.75
34,10/15/16,637.94,1251.75
35,10/16/16,641.42,1251.75
36,10/17/16,638.97,1254.8
37,10/18/16,636.29,1258.2
38,10/19/16,629.25,1269.05
39,10/20/16,627.72,1271.65
40,10/21/16,631.92,1266.05
41,10/22/16,655.48,1266.05
42,10/23/16,653.25,1266.05
43,10/24/16,651.39,1265.55
44,10/25/16,655.31,1269.4
45,10/26/16,651.45,1270.5
46,10/27/16,682.22,1266.25
47,10/28/16,687.68,1273.0
48,10/29/16,685.91,1273.0
49,10/30/16,698.0,1273.0
50,10/31/16,702.0,1272.0
51,11/1/16,697.01,1288.45
52,11/2/16,733.33,1303.75
53,11/3/16,686.17,1301.0
54,11/4/16,683.69,1302.8
55,11/5/16,704.79,1302.8
56,11/6/16,712.0,1302.8
57,11/7/16,709.96,1283.05
58,11/8/16,708.97,1282.35
59,11/9/16,720.93,1281.4
60,11/10/16,721.5,1267.5
61,11/11/16,715.45,1236.45
62,11/12/16,703.71,1236.45
63,11/13/16,702.28,1236.45
64,11/14/16,706.46,1213.6
65,11/15/16,710.91,1226.95
66,11/16/16,711.73,1229.2
67,11/17/16,736.96,1226.75
68,11/18/16,747.52,1211.0
69,11/19/16,748.98,1211.0
70,11/20/16,729.06,1211.0
71,11/21/16,738.53,1214.25
72,11/22/16,736.97,1212.25
73,11/23/16,741.63,1185.35
74,11/24/16,737.45,1186.1
75,11/25/16,735.64,1187.7
76,11/26/16,733.67,1187.7
77,11/27/16,727.96,1187.7
78,11/28/16,727.31,1187.0
79,11/29/16,732.71,1186.55
80,11/30/16,742.69,1178.1
81,12/1/16,742.05,1161.85
82,12/2/16,772.43,1173.5
83,12/3/16,764.33,1173.5
84,12/4/16,762.97,1173.5
85,12/5/16,754.63,1162.2
86,12/6/16,756.62,1172.5
87,12/7/16,758.99,1177.65
88,12/8/16,769.72,1171.05
89,12/9/16,770.02,1163.6
90,12/10/16,769.08,1163.6
91,12/11/16,777.0,1163.6
92,12/12/16,777.0,1156.1
93,12/13/16,777.99,1158.55
94,12/14/16,774.89,1162.25
95,12/15/16,776.75,1126.95
96,12/16/16,775.88,1131.6
97,12/17/16,788.7,1131.6
98,12/18/16,788.4,1131.6
99,12/19/16,788.67,1136.25
100,12/20/16,793.09,1125.7
101,12/21/16,824.21,1133.65
102,12/22/16,834.97,1131.35
103,12/23/16,901.31,1132.975
104,12/24/16,891.61,1132.975
105,12/25/16,892.6,1132.975
106,12/26/16,897.33,1132.975
107,12/27/16,930.37,1132.975
108,12/28/16,930.34,1134.6
109,12/29/16,963.38,1145.9
110,12/30/16,952.15,1148.45
111,12/31/16,958.12,1148.45
112,1/1/17,997.72,1148.45
113,1/2/17,1015.97,1148.45
114,1/3/17,1013.42,1151.0
115,1/4/17,1126.76,1164.25
116,1/5/17,994.67,1176.7
117,1/6/17,999.65,1175.85
118,1/7/17,896.83,1175.85
119,1/8/17,908.14,1175.85
120,1/9/17,910.49,1178.5
121,1/10/17,906.05,1189.5
122,1/11/17,785.22,1178.55
123,1/12/17,780.92,1205.05
124,1/13/17,826.29,1190.35
125,1/14/17,817.91,1190.35
126,1/15/17,819.55,1190.35
127,1/16/17,830.5,1203.0
128,1/17/17,903.84,1216.05
129,1/18/17,906.6,1214.75
130,1/19/17,895.798875,1196.05
131,1/20/17,893.6210875,1200.55
132,1/21/17,895.64,1200.55
133,1/22/17,918.603625,1200.55
134,1/23/17,922.0736125,1212.85
135,1/24/17,919.97,1216.8
136,1/25/17,893.045625,1195.0
137,1/26/17,915.95625,1189.7
138,1/27/17,915.05,1184.85
139,1/28/17,920.31225,1184.85
140,1/29/17,915.933,1184.85
141,1/30/17,912.19,1192.8
142,1/31/17,964.706075,1212.8
143,2/1/17,979.703875,1203.65
144,2/2/17,983.42,1221.95
145,2/3/17,1013.0269999999999,1215.2
146,2/4/17,1030.999413,1215.2
147,2/5/17,1034.07,1215.2
148,2/6/17,1024.01375,1226.75
149,2/7/17,1050.11,1231.0
150,2/8/17,1052.84,1242.1
151,2/9/17,976.1030000000001,1236.8
152,2/10/17,999.1035,1228.3
153,2/11/17,997.59,1228.3
154,2/12/17,1000.604625,1228.3
155,2/13/17,999.877375,1222.25
156,2/14/17,1001.2,1230.75
157,2/15/17,1012.325988,1224.4
158,2/16/17,1035.208125,1240.55
159,2/17/17,1035.2,1241.95
160,2/18/17,1056.637138,1241.95
161,2/19/17,1052.779286,1241.95
162,2/20/17,1050.87,1237.3
163,2/21/17,1123.788429,1233.2
164,2/22/17,1123.2231880000002,1236.65
165,2/23/17,1130.01,1247.9
166,2/24/17,1174.86625,1253.65
167,2/25/17,1150.605714,1253.65
168,2/26/17,1150.37,1253.65
169,2/27/17,1190.75195,1257.2
170,2/28/17,1187.565286,1255.6
171,3/1/17,1190.89,1240.4
172,3/2/17,1259.410817,1238.1
173,3/3/17,1285.14,1226.5
174,3/4/17,1287.0,1226.5
175,3/5/17,1270.9333,1226.5
176,3/6/17,1275.197375,1230.95
177,3/7/17,1279.5,1216.65
178,3/8/17,1157.3933,1209.2
179,3/9/17,1192.469143,1206.55
180,3/10/17,1192.09,1202.65
181,3/11/17,1179.159875,1202.65
182,3/12/17,1227.494625,1202.65
183,3/13/17,1227.68,1204.2
184,3/14/17,1245.370786,1204.6
185,3/15/17,1257.399625,1198.8
186,3/16/17,1257.0,1229.35
187,3/17/17,1091.171888,1229.6
188,3/18/17,952.2323625,1229.6
189,3/19/17,967.69,1229.6
190,3/20/17,1049.0844880000002,1232.4
191,3/21/17,1118.630043,1241.6
192,3/22/17,1113.0,1249.05
193,3/23/17,1038.789,1247.5
194,3/24/17,941.9197142999999,1247.5
195,3/25/17,927.93,1247.5
196,3/26/17,956.7863125,1247.5
197,3/27/17,1037.22925,1257.55
198,3/28/17,1041.04,1257.25
199,3/29/17,1040.5755,1251.1
200,3/30/17,1037.90455,1248.8
201,3/31/17,1034.74,1244.85
202,4/1/17,1086.9295710000001,1244.85
203,4/2/17,1099.169125,1244.85
204,4/3/17,1079.99,1247.25
205,4/4/17,1141.600363,1257.65
206,4/5/17,1133.079314,1245.8
207,4/6/17,1133.53,1252.5
208,4/7/17,1190.45425,1266.45
209,4/8/17,1181.149838,1266.45
210,4/9/17,1184.03,1266.45
211,4/10/17,1207.744875,1250.05
212,4/11/17,1226.617038,1252.9
213,4/12/17,1219.09,1274.3
214,4/13/17,1180.023713,1284.15
215,4/14/17,1185.260057,1284.15
216,4/15/17,1170.36,1284.15
217,4/16/17,1186.9274130000001,1284.15
218,4/17/17,1205.634875,1284.15
219,4/18/17,1176.97,1278.95
220,4/19/17,1217.930088,1279.05
221,4/20/17,1241.686325,1282.1
222,4/21/17,1236.63,1281.85
223,4/22/17,1261.311225,1281.85
224,4/23/17,1257.988113,1281.85
225,4/24/17,1240.84,1269.4
226,4/25/17,1279.414688,1267.8
227,4/26/17,1309.109875,1261.85
228,4/27/17,1288.02,1262.8
229,4/28/17,1331.2944289999998,1266.45
230,4/29/17,1334.9790380000002,1266.45
231,4/30/17,1333.0,1266.45
232,5/1/17,1417.1728130000001,1266.45
233,5/2/17,1452.076288,1255.45
234,5/3/17,1447.55,1250.3
235,5/4/17,1508.292125,1228.45
236,5/5/17,1533.3350710000002,1228.05
237,5/6/17,1518.75,1228.05
238,5/7/17,1535.8684289999999,1228.05
239,5/8/17,1640.619225,1229.8
240,5/9/17,1651.1,1220.4
241,5/10/17,1762.88625,1222.95
242,5/11/17,1820.9905629999998,1223.15
243,5/12/17,1829.0,1231.25
244,5/13/17,1771.920013,1231.25
245,5/14/17,1776.3165,1231.25
246,5/15/17,1780.0,1233.3
247,5/16/17,1739.031975,1234.2
248,5/17/17,1807.4850629999999,1257.4
249,5/18/17,1783.98,1255.9
250,5/19/17,1961.520488,1252.0
251,5/20/17,2052.909788,1252.0
252,5/21/17,2008.84,1252.0
253,5/22/17,2090.662313,1258.85
254,5/23/17,2287.7102879999998,1260.2
255,5/24/17,2256.32,1252.55
256,5/25/17,2387.206286,1256.95
257,5/26/17,2211.976857,1265.05
258,5/27/17,2279.82,1265.05
259,5/28/17,2192.9808,1265.05
260,5/29/17,2275.9307,1265.05
261,5/30/17,2290.02,1262.7
262,5/31/17,2285.933914,1266.2
263,6/1/17,2399.242671,1264.85
264,6/2/17,2409.93,1274.95
265,6/3/17,2525.7651579999997,1274.95
266,6/4/17,2516.173143,1274.95
267,6/5/17,2529.53,1279.95
268,6/6/17,2883.313697,1293.5
269,6/7/17,2664.920863,1291.0
270,6/8/17,2683.03,1273.1
271,6/9/17,2827.4913,1266.55
272,6/10/17,2845.372857,1266.55
273,6/11/17,2898.63,1266.55
274,6/12/17,2657.6750629999997,1266.4
275,6/13/17,2748.185086,1262.0
276,6/14/17,2706.0,1275.5
277,6/15/17,2442.48025,1254.55
278,6/16/17,2464.9598140000003,1255.4
279,6/17/17,2477.94,1255.4
280,6/18/17,2507.389252,1255.4
281,6/19/17,2617.210263,1248.15
282,6/20/17,2600.0,1242.2
283,6/21/17,2671.04325,1242.5
284,6/22/17,2727.288013,1250.8
285,6/23/17,2713.48,1255.7
286,6/24/17,2589.164888,1255.7
287,6/25/17,2512.366286,1255.7
288,6/26/17,2502.03,1245.25
289,6/27/17,2517.903114,1249.55
290,6/28/17,2585.349186,1248.0
291,6/29/17,2558.3,1243.5
292,6/30/17,2477.641375,1242.25
293,7/1/17,2501.191343,1242.25
294,7/2/17,2421.26,1242.25
295,7/3/17,2561.225429,1229.25
296,7/4/17,2599.7298379999997,1223.75
297,7/5/17,2598.89,1220.3
298,7/6/17,2609.96775,1224.9
299,7/7/17,2491.201214,1215.65
300,7/8/17,2502.86,1215.65
301,7/9/17,2536.238938,1215.65
302,7/10/17,2366.170143,1211.9
303,7/11/17,2327.09,1211.05
304,7/12/17,2385.748571,1218.8
305,7/13/17,2354.783417,1218.9
306,7/14/17,2338.49,1230.3
307,7/15/17,2058.9956,1230.3
308,7/16/17,1931.2143,1230.3
309,7/17/17,1910.96,1234.1
310,7/18/17,2320.12225,1240.75
311,7/19/17,2264.7657,1242.15
312,7/20/17,2265.21,1238.7
313,7/21/17,2682.195363,1248.55
314,7/22/17,2807.609857,1248.55
315,7/23/17,2825.51,1248.55
316,7/24/17,2751.8210289999997,1255.55
317,7/25/17,2560.997917,1254.4
318,7/26/17,2564.3,1248.1
319,7/27/17,2647.625,1261.1
320,7/28/17,2781.636583,1264.9
321,7/29/17,2784.8,1264.9
322,7/30/17,2745.955417,1264.9
323,7/31/17,2866.4316670000003,1267.55
324,8/1/17,2862.9,1270.95
325,8/2/17,2693.6339829999997,1269.6
326,8/3/17,2794.117717,1268.1
327,8/4/17,2790.0,1257.7
328,8/5/17,3218.115017,1257.7
329,8/6/17,3252.562533,1257.7
330,8/7/17,3210.2,1258.0
331,8/8/17,3457.3743329999998,1261.8
332,8/9/17,3357.326317,1271.05
333,8/10/17,3340.28,1284.4
334,8/11/17,3632.506667,1286.1
335,8/12/17,3852.802914,1286.1
336,8/13/17,3868.52,1286.1
337,8/14/17,4282.992,1282.3
338,8/15/17,4217.028329,1270.3
339,8/16/17,4179.97,1272.75
340,8/17/17,4328.725717,1285.15
341,8/18/17,4130.440067,1295.8
342,8/19/17,4104.71,1295.8
343,8/20/17,4157.958033,1295.8
344,8/21/17,4043.722,1292.9
345,8/22/17,3986.28,1284.2
346,8/23/17,4174.95,1286.65
347,8/24/17,4340.316717000001,1289.0
348,8/25/17,4331.77,1285.3
349,8/26/17,4360.513317,1285.3
350,8/27/17,4354.308333,1285.3
351,8/28/17,4339.05,1285.3
352,8/29/17,4607.98545,1318.65
353,8/30/17,4594.98785,1308.5
354,8/31/17,4582.52,1311.75
355,9/1/17,4911.740017,1320.4
356,9/2/17,4580.387479999999,1320.4
357,9/3/17,4585.57,1320.4
358,9/4/17,4344.098317,1333.1
359,9/5/17,4488.720139999999,1335.55
360,9/6/17,4385.02,1337.85
361,9/7/17,4654.6585,1343.5
362,9/8/17,4310.750183,1346.25
363,9/9/17,4312.26,1346.25
364,9/10/17,4329.955,1346.25
365,9/11/17,4248.090017,1334.2
366,9/12/17,4198.59,1326.5
367,9/13/17,3961.271267,1327.55
368,9/14/17,3319.63,1324.55
369,9/15/17,3216.43,1322.85
370,9/16/17,3763.6260399999996,1322.85
371,9/17/17,3746.060783,1322.85
372,9/18/17,3678.53,1312.1
373,9/19/17,3943.413333,1309.6
374,9/20/17,3977.5616670000004,1311.3
375,9/21/17,3894.48,1292.1
376,9/22/17,3637.50255,1294.8
377,9/23/17,3776.3869,1294.8
378,9/24/17,3777.62,1294.8
379,9/25/17,3942.555,1293.3
380,9/26/17,3910.307383,1300.05
381,9/27/17,3881.0,1282.55
382,9/28/17,4201.98905,1283.35
383,9/29/17,4193.574667,1283.1
384,9/30/17,4164.27,1283.1
385,10/1/17,4360.722967000001,1283.1
386,10/2/17,4386.88375,1273.7
387,10/3/17,4394.07,1271.25
388,10/4/17,4225.175,1274.25
389,10/5/17,4338.852,1274.5
390,10/6/17,4318.58,1261.8
391,10/7/17,4376.191667,1261.8
392,10/8/17,4602.280882999999,1261.8
393,10/9/17,4605.66,1278.75
394,10/10/17,4782.28,1291.4
395,10/11/17,4819.485767,1289.25
396,10/12/17,4822.17,1290.25
397,10/13/17,5563.8065670000005,1299.6
398,10/14/17,5739.438733,1299.6
399,10/15/17,5825.99,1299.6
400,10/16/17,5711.205867000001,1303.3
401,10/17/17,5603.712939999999,1284.75
402,10/18/17,5594.66,1280.2
403,10/19/17,5727.6335,1286.4
404,10/20/17,5979.4598399999995,1281.2
405,10/21/17,5986.44,1281.2
406,10/22/17,5983.18455,1281.2
407,10/23/17,5876.079867,1274.9
408,10/24/17,5900.59,1276.45
409,10/25/17,5669.622533,1275.0
410,10/26/17,5893.138417,1273.75
411,10/27/17,5889.82,1266.45
412,10/28/17,5776.69695,1266.45
413,10/29/17,6155.434020000001,1266.45
414,10/30/17,6136.49,1272.0
415,10/31/17,6388.645167000001,1270.15
416,11/1/17,6665.306683,1277.05
417,11/2/17,6751.98,1279.2
418,11/3/17,7197.72006,1267.2
419,11/4/17,7437.543317000001,1267.2
420,11/5/17,7365.99,1267.2
421,11/6/17,6989.071667,1270.9
422,11/7/17,7092.127233,1275.6
423,11/8/17,7128.64,1284.0
424,11/9/17,7158.03706,1284.8
425,11/10/17,6719.39785,1284.3
426,11/11/17,6569.22,1284.3
427,11/12/17,5716.3015829999995,1284.3
428,11/13/17,6550.227533,1277.95
429,11/14/17,6493.63,1274.6
430,11/15/17,7301.4299200000005,1282.2
431,11/16/17,7815.0307,1280.0
432,11/17/17,7868.77,1284.35
433,11/18/17,7817.140383,1284.35
434,11/19/17,8007.654067,1284.35
435,11/20/17,8049.72,1286.2
436,11/21/17,8059.8,1283.3
437,11/22/17,8268.035,1286.95
438,11/23/17,8236.72,1290.35
439,11/24/17,8250.978333,1290.5
440,11/25/17,8707.407267,1290.5
441,11/26/17,8768.8,1290.5
442,11/27/17,9718.29505,1294.9
443,11/28/17,9952.508820000001,1291.85
444,11/29/17,9919.0,1283.85
445,11/30/17,10147.372,1280.2
446,12/1/17,10883.912,1275.5
447,12/2/17,10879.88,1275.5
448,12/3/17,11332.622,1275.5
449,12/4/17,11584.83,1273.45
450,12/5/17,11591.22,1266.3
451,12/6/17,13540.98,1263.7
452,12/7/17,16501.97167,1255.0
453,12/8/17,16860.88,1250.65
454,12/9/17,15142.83415,1250.65
455,12/10/17,14869.805,1250.65
456,12/11/17,15068.95,1247.15
457,12/12/17,17276.393330000003,1240.9
458,12/13/17,16808.36667,1242.65
459,12/14/17,16252.31,1251.0
460,12/15/17,17771.9,1254.6
461,12/16/17,19498.68333,1254.6
462,12/17/17,19279.9,1254.6
463,12/18/17,18961.856669999997,1260.6
464,12/19/17,17737.11167,1260.35
465,12/20/17,17382.94,1264.55
466,12/21/17,16047.51,1264.55
467,12/22/17,15190.945,1271.975
468,12/23/17,13776.61,1271.975
469,12/24/17,13949.175,1271.975
470,12/25/17,14119.028330000001,1271.975
471,12/26/17,13740.94,1271.975
472,12/27/17,15589.32167,1279.4
473,12/28/17,14380.58167,1291.0
474,12/29/17,14214.01,1301.525
475,12/30/17,13215.573999999999,1301.525
476,12/31/17,14165.575,1301.525
477,1/1/18,13796.0,1301.525
478,1/2/18,15005.85667,1312.05
479,1/3/18,15053.261669999998,1314.9
480,1/4/18,15039.24,1314.5
481,1/5/18,17174.12,1317.15
482,1/6/18,17319.198,1317.15
483,1/7/18,17155.95,1317.15
484,1/8/18,15265.906669999998,1319.95
485,1/9/18,14714.253330000001,1311.0
486,1/10/18,14437.42,1319.75
487,1/11/18,13296.794,1323.05
488,1/12/18,13912.882,1326.8
489,1/13/18,13791.19,1326.8
490,1/14/18,13852.92,1326.8
491,1/15/18,14012.196000000002,1339.25
492,1/16/18,13554.14,1333.85
493,1/17/18,11116.946670000001,1335.65
494,1/18/18,11345.42333,1332.2
495,1/19/18,11174.82,1334.95
496,1/20/18,12950.79333,1334.95
497,1/21/18,11505.228000000001,1334.95
498,1/22/18,11513.42,1332.6
499,1/23/18,11223.063999999998,1333.4
500,1/24/18,11282.25833,1353.7
501,1/25/18,11392.03,1354.95
502,1/26/18,10969.815,1353.15
503,1/27/18,11524.776670000001,1353.15
504,1/28/18,11431.37,1353.15
505,1/29/18,11212.655,1343.85
506,1/30/18,10184.061670000001,1344.9
507,1/31/18,10082.52,1345.05
508,2/1/18,9083.258333,1341.35
509,2/2/18,8901.901667,1331.15
510,2/3/18,8852.73,1331.15
511,2/4/18,8400.648333,1331.15
512,2/5/18,6838.816667,1333.6
513,2/6/18,6925.46,1331.4
514,2/7/18,8099.958333,1324.65
515,2/8/18,8240.536667,1315.45
516,2/9/18,8245.08,1314.1
517,2/10/18,8319.876565999999,1314.1
518,2/11/18,8343.455,1314.1
519,2/12/18,8068.02,1322.3
520,2/13/18,8597.7675,1325.35
521,2/14/18,9334.633333,1336.25
522,2/15/18,9471.64,1352.45
523,2/16/18,10127.16167,1352.1
524,2/17/18,10841.99167,1352.1
525,2/18/18,11085.83,1352.1
526,2/19/18,11110.965,1346.6
527,2/20/18,11390.39167,1339.85
528,2/21/18,11245.98,1330.5
529,2/22/18,9931.071667,1328.35
530,2/23/18,10162.11667,1327.95
531,2/24/18,10171.3,1327.95
532,2/25/18,9696.593333,1327.95
533,2/26/18,10348.60333,1333.5
534,2/27/18,10319.46,1325.75
535,2/28/18,10370.165,1317.85
536,3/1/18,11009.38167,1307.75
537,3/2/18,10931.12,1322.3
538,3/3/18,11326.94833,1322.3
539,3/4/18,11430.18167,1322.3
540,3/5/18,11516.83,1320.4
541,3/6/18,10763.19833,1331.4
542,3/7/18,10118.058,1329.4
543,3/8/18,9920.46,1321.0
544,3/9/18,9089.278333,1320.6
545,3/10/18,8746.002,1320.6
546,3/11/18,8777.37,1320.6
547,3/12/18,9182.843333,1319.15
548,3/13/18,9154.7,1322.75
549,3/14/18,9153.54,1323.55
550,3/15/18,8358.121667,1318.75
551,3/16/18,8530.402,1310.1
552,3/17/18,8297.89,1310.1
553,3/18/18,8171.415,1310.1
554,3/19/18,8412.033333,1312.4
555,3/20/18,8605.64,1311.0
556,3/21/18,8947.753333,1321.35
557,3/22/18,8690.408333,1329.15
558,3/23/18,8725.37,1346.6
559,3/24/18,8662.378333,1346.6
560,3/25/18,8617.296667,1346.6
561,3/26/18,8457.96,1352.4
562,3/27/18,7876.195,1341.45
563,3/28/18,7960.38,1332.45
564,3/29/18,7950.61,1323.85
565,3/30/18,6882.531667,1323.85
566,3/31/18,6935.48,1323.85
567,4/1/18,6937.56,1323.85
568,4/2/18,7035.848333,1323.85
569,4/3/18,7410.435,1333.45
570,4/4/18,7426.48,1337.3
571,4/5/18,6826.51,1327.7
572,4/6/18,6603.876667,1331.2
573,4/7/18,6634.68,1331.2
574,4/8/18,7017.656667,1331.2
575,4/9/18,6699.273333,1331.95
576,4/10/18,6784.41,1338.95
577,4/11/18,6926.266667,1350.75
578,4/12/18,7847.845,1341.35
579,4/13/18,7941.46,1343.7
580,4/14/18,8036.511051,1343.7
581,4/15/18,8340.748333,1343.7
582,4/16/18,8368.1,1349.35
583,4/17/18,7895.416926000001,1342.1
584,4/18/18,8164.937426,1351.45
585,4/19/18,8175.96,1348.6
586,4/20/18,8852.718333,1336.75
587,4/21/18,8807.205,1336.75
588,4/22/18,8930.6,1336.75
589,4/23/18,8933.861667000001,1324.3
590,4/24/18,9555.542,1328.85
591,4/25/18,9658.11,1321.65
592,4/26/18,9258.398333,1320.7
593,4/27/18,9010.32,1321.5
594,4/28/18,8928.55,1321.5
595,4/29/18,9334.281667,1321.5
596,4/30/18,9259.57,1313.2
597,5/1/18,9239.55,1307.1
598,5/2/18,9221.426,1304.2
599,5/3/18,9639.268333,1315.05
600,5/4/18,9753.35,1309.4
601,5/5/18,9803.306667,1309.4
602,5/6/18,9630.136277,1309.4
603,5/7/18,9631.44,1309.4
604,5/8/18,9228.608333,1306.6
605,5/9/18,9322.041667,1313.85
606,5/10/18,9310.37,1318.8
607,5/11/18,8468.788,1324.35
608,5/12/18,8484.346667,1324.35
609,5/13/18,8463.52,1324.35
610,5/14/18,8652.038333,1319.85
611,5/15/18,8511.458,1295.0
612,5/16/18,8471.06,1291.25
613,5/17/18,8106.118332999999,1289.5
614,5/18/18,8240.055,1288.3
615,5/19/18,8239.08,1288.3
616,5/20/18,8507.406667,1288.3
617,5/21/18,8385.556187,1288.35
618,5/22/18,8396.63,1293.05
619,5/23/18,7555.74,1289.0
620,5/24/18,7566.193333,1304.85
621,5/25/18,7576.78,1303.5
622,5/26/18,7342.908332999999,1303.5
623,5/27/18,7361.831667,1303.5
624,5/28/18,7344.56,1303.5
625,5/29/18,7459.876667,1295.5
626,5/30/18,7385.395,1300.7
627,5/31/18,7386.72,1305.35
628,6/1/18,7535.146667,1294.6
629,6/2/18,7645.146667,1294.6
630,6/3/18,7637.14,1294.6
631,6/4/18,7500.273333,1295.45
632,6/5/18,7615.7221420000005,1292.05
633,6/6/18,7619.43,1300.1
634,6/7/18,7676.271667,1297.25
635,6/8/18,7620.153333,1298.25
636,6/9/18,7615.54,1298.25
637,6/10/18,6776.888333,1298.25
638,6/11/18,6875.678333,1299.6
639,6/12/18,6879.31,1298.65
640,6/13/18,6315.7,1296.15
641,6/14/18,6647.013333,1302.75
642,6/15/18,6637.41,1285.25
643,6/16/18,6509.426667,1285.25
644,6/17/18,6464.411667,1285.25
645,6/18/18,6445.79,1281.55
646,6/19/18,6737.0,1276.15
647,6/20/18,6714.718333,1274.2
648,6/21/18,6760.83,1266.15
649,6/22/18,6332.573333,1269.15
650,6/23/18,6141.605833,1269.15
651,6/24/18,6170.46,1269.15
652,6/25/18,6211.4475,1268.7
653,6/26/18,6218.595,1260.3
654,6/27/18,6097.46,1254.6
655,6/28/18,6107.896154,1251.55
656,6/29/18,5908.7025,1250.45
657,6/30/18,6223.28,1250.45
658,7/1/18,6374.754167,1250.45
659,7/2/18,6466.069167000001,1247.8
660,7/3/18,6626.44,1251.75
661,7/4/18,6593.289167,1255.65
662,7/5/18,6603.376667,1255.5
663,7/6/18,6555.51,1255.35
664,7/7/18,6594.281667,1255.35
665,7/8/18,6753.559167,1255.35
666,7/9/18,6724.04,1262.05
667,7/10/18,6510.791667,1254.0
668,7/11/18,6377.363333,1251.4
669,7/12/18,6403.18,1245.9
670,7/13/18,6244.3575,1241.7
671,7/14/18,6241.0,1241.7
672,7/15/18,6248.84,1241.7
673,7/16/18,6514.3908329999995,1241.1
674,7/17/18,6869.910833,1232.8
675,7/18/18,7321.62,1224.5
676,7/19/18,7396.401667,1217.55
677,7/20/18,7428.045,1228.75
678,7/21/18,7334.99,1228.75
679,7/22/18,7451.289167,1228.75
680,7/23/18,7689.884167,1224.95
681,7/24/18,7715.1,1228.35
682,7/25/18,8251.165,1231.5
683,7/26/18,8187.324167,1228.25
684,7/27/18,7939.81,1223.95
685,7/28/18,8182.251667,1223.95
686,7/29/18,8206.341667,1223.95
687,7/30/18,8220.91,1223.8
688,7/31/18,7916.800833,1220.95
689,8/1/18,7570.869167,1219.0
690,8/2/18,7607.7,1215.45
691,8/3/18,7394.499167,1216.3
692,8/4/18,7247.769167,1216.3
693,8/5/18,7011.28,1216.3
694,8/6/18,6988.079167,1209.65
695,8/7/18,6993.513333,1212.35
696,8/8/18,6718.23,1209.55
697,8/9/18,6396.7725,1214.35
698,8/10/18,6396.494667,1214.4
699,8/11/18,6138.96,1214.4
700,8/12/18,6311.131667000001,1214.4
701,8/13/18,6347.07,1200.35
702,8/14/18,6252.13,1197.0
703,8/15/18,6362.676923,1182.0
704,8/16/18,6342.629231,1180.4
705,8/17/18,6312.75,1178.4
706,8/18/18,6436.720832999999,1178.4
707,8/19/18,6404.063333,1178.4
708,8/20/18,6486.58,1184.35
709,8/21/18,6401.2461539999995,1190.95
710,8/22/18,6575.229167,1196.65
711,8/23/18,6354.57,1192.35
712,8/24/18,6543.645714,1197.7
713,8/25/18,6719.429231,1197.7
714,8/26/18,6738.27,1197.7
715,8/27/18,6719.266154000001,1197.7
716,8/28/18,7000.04,1212.25
717,8/29/18,7078.19,1204.2
718,8/30/18,6932.6625,1197.3
719,8/31/18,6981.946154,1202.45
720,9/1/18,7018.78,1202.45
721,9/2/18,7247.935385,1202.45
722,9/3/18,7260.9492310000005,1200.05
723,9/4/18,7265.08,1190.85
724,9/5/18,7113.069231,1196.7
725,9/6/18,6433.271667,1205.15
726,9/7/18,6501.19,1198.9
727,9/8/18,6366.1075,1198.9
728,9/9/18,6286.425833,1198.9
729,9/10/18,6240.98,1196.6
730,9/11/18,6296.320833,1189.85
731,9/12/18,6273.1375,1195.6
732,9/13/18,6326.04,1209.8
733,9/14/18,6499.0625,1201.95
734,9/15/18,6518.655,1201.95
735,9/16/18,6522.39,1201.95
736,9/17/18,6400.6008329999995,1201.9
737,9/18/18,6296.631667000001,1200.2
738,9/19/18,6342.39,1203.3
739,9/20/18,6418.562667,1208.35
740,9/21/18,6669.990833,1198.7
741,9/22/18,6756.12,1198.7
742,9/23/18,6710.445,1198.7
743,9/24/18,6639.304167,1202.75
744,9/25/18,6583.45,1201.9
745,9/26/18,6468.631667000001,1194.25
746,9/27/18,6535.476667,1185.4
747,9/28/18,6686.08,1187.25
748,9/29/18,6550.474167,1187.25
749,9/30/18,6593.135,1187.25
750,10/1/18,6611.02,1189.35
751,10/2/18,6562.641667,1204.7
752,10/3/18,6470.4025,1201.2
753,10/4/18,6483.73,1203.45
754,10/5/18,6568.549167,1203.8
755,10/6/18,6581.486667,1203.8
756,10/7/18,6573.62,1203.8
757,10/8/18,6618.5676920000005,1186.95
758,10/9/18,6621.7116670000005,1185.55
759,10/10/18,6626.85,1188.6
760,10/11/18,6248.635833,1205.55
761,10/12/18,6260.530833,1219.75
762,10/13/18,6247.0,1219.75
763,10/14/18,6299.3991670000005,1219.75
764,10/15/18,6452.571667,1229.95
765,10/16/18,6599.17,1230.7
766,10/17/18,6596.276154,1229.05
767,10/18/18,6568.040769,1223.0
768,10/19/18,6509.61,1227.85
769,10/20/18,6488.825833,1227.85
770,10/21/18,6531.601667,1227.85
771,10/22/18,6504.78,1222.3
772,10/23/18,6481.4259999999995,1235.95
773,10/24/18,6508.31,1230.55
774,10/25/18,6489.77,1230.8
775,10/26/18,6473.753333,1233.85
776,10/27/18,6465.9175,1233.85
777,10/28/18,6457.21,1233.85
778,10/29/18,6382.668333,1230.8
779,10/30/18,6309.452857,1225.4
780,10/31/18,6301.61,1214.95
781,11/1/18,6342.280833,1231.15
782,11/2/18,6387.674167,1232.1
783,11/3/18,6390.42,1232.1
784,11/4/18,6391.873333,1232.1
785,11/5/18,6436.965,1232.25
786,11/6/18,6437.76,1231.6
787,11/7/18,6538.79,1229.95
788,11/8/18,6486.251667,1224.15
789,11/9/18,6444.97,1211.4
790,11/10/18,6399.033332999999,1211.4
791,11/11/18,6378.268333,1211.4
792,11/12/18,6408.53,1205.55
793,11/13/18,6372.063333,1202.1
794,11/14/18,6176.155,1203.25
795,11/15/18,5756.77,1211.85
796,11/16/18,5596.1925,1222.4
797,11/17/18,5558.243332999999,1222.4
798,11/18/18,5572.44,1222.4
799,11/19/18,5303.9425,1221.6
800,11/20/18,4671.97,1223.0
801,11/21/18,4491.98,1226.1
802,11/22/18,4548.7975,1227.05
803,11/23/18,4309.3375,1223.65
804,11/24/18,4352.98,1223.65
805,11/25/18,3823.511667,1223.65
806,11/26/18,3920.5366670000003,1223.4
807,11/27/18,3793.35,1221.2
808,11/28/18,4103.453846,1213.25
809,11/29/18,4263.783332999999,1226.25
810,11/30/18,4278.77,1217.55
811,12/1/18,4116.7775,1217.55
812,12/2/18,4167.5466670000005,1217.55
813,12/3/18,4140.6,1230.3
814,12/4/18,3961.493333,1240.3
815,12/5/18,3858.3491670000003,1235.9
816,12/6/18,3744.98,1242.55
817,12/7/18,3405.643333,1243.3
818,12/8/18,3435.34,1243.3
819,12/9/18,3453.66,1243.3
820,12/10/18,3523.96,1245.35
821,12/11/18,3426.19,1245.3
822,12/12/18,3407.28,1245.75
823,12/13/18,3406.7625,1242.75
824,12/14/18,3278.3741670000004,1235.35
825,12/15/18,3242.42,1235.35
826,12/16/18,3271.238333,1235.35
827,12/17/18,3392.405,1241.65
828,12/18/18,3556.54,1246.3
829,12/19/18,3808.0425,1255.0
830,12/20/18,3982.850833,1259.75
831,12/21/18,4135.19,1258.15
832,12/22/18,3910.973333,1258.15
833,12/23/18,4027.478333,1258.15
834,12/24/18,3995.17,1263.075
835,12/25/18,3813.88,1263.075
836,12/26/18,3825.379167,1263.075
837,12/27/18,3848.21,1268.0
838,12/28/18,3743.905,1279.0
839,12/29/18,3912.285833,1279.0
840,12/30/18,3770.36,1279.0
841,12/31/18,3791.5458329999997,1280.95
842,1/1/19,3752.271667,1280.95
843,1/2/19,3855.88,1282.9
844,1/3/19,3865.7975,1290.45
845,1/4/19,3822.626667,1279.9
846,1/5/19,3856.62,1279.9
847,1/6/19,3920.4566670000004,1279.9
848,1/7/19,4036.093333,1292.2
849,1/8/19,4032.25,1286.45
850,1/9/19,4034.138333,1288.6
851,1/10/19,3812.5858329999996,1291.9
852,1/11/19,3646.25,1288.95
853,1/12/19,3646.345833,1288.95
854,1/13/19,3599.841667,1288.95
855,1/14/19,3531.96,1292.75
856,1/15/19,3656.785,1294.4
857,1/16/19,3621.270833,1292.3
858,1/17/19,3621.43,1290.7
859,1/18/19,3632.395,1284.2
860,1/19/19,3690.5233329999996,1284.2
861,1/20/19,3703.98,1284.2
862,1/21/19,3548.4275,1279.55
863,1/22/19,3540.02,1282.1
864,1/23/19,3587.35,1279.8
865,1/24/19,3566.4,1283.7
866,1/25/19,3586.25,1293.9
867,1/26/19,3577.79,1293.9
868,1/27/19,3576.3,1293.9
869,1/28/19,3554.5,1302.15
870,1/29/19,3448.58,1307.55
871,1/30/19,3421.6,1310.7
872,1/31/19,3470.0,1323.25
873,2/1/19,3444.81,1318.7
874,2/2/19,3475.33,1318.7
875,2/3/19,3506.22,1318.7
876,2/4/19,3456.02,1312.15
877,2/5/19,3452.35,1314.2
878,2/6/19,3467.34,1312.4
879,2/7/19,3405.7,1310.0
880,2/8/19,3394.76,1314.85
881,2/9/19,3661.08,1314.85
882,2/10/19,3664.38,1314.85
883,2/11/19,3686.29,1306.4
884,2/12/19,3629.47,1310.0
885,2/13/19,3632.42,1312.8
886,2/14/19,3614.5,1311.45
887,2/15/19,3600.31,1316.55
888,2/16/19,3608.2,1316.55
889,2/17/19,3619.55,1316.55
890,2/18/19,3670.74,1325.5
891,2/19/19,3910.8,1334.15
892,2/20/19,3926.53,1343.75
893,2/21/19,3987.18,1331.25
894,2/22/19,3944.88,1329.05
895,2/23/19,3983.48,1329.05
896,2/24/19,4139.6,1329.05
897,2/25/19,3766.89,1331.05
898,2/26/19,3848.33,1325.05
899,2/27/19,3831.45,1322.85
900,2/28/19,3833.23,1319.15
901,3/1/19,3850.08,1311.95
902,3/2/19,3834.62,1311.95
903,3/3/19,3831.44,1311.95
904,3/4/19,3814.58,1285.4
905,3/5/19,3730.98,1283.8
906,3/6/19,3872.25,1285.85
907,3/7/19,3876.85,1285.3
908,3/8/19,3886.82,1296.75
909,3/9/19,3875.96,1296.75
910,3/10/19,3950.56,1296.75
911,3/11/19,3928.17,1292.75
912,3/12/19,3881.09,1297.05
913,3/13/19,3892.51,1306.95
914,3/14/19,3877.77,1295.55
915,3/15/19,3885.21,1303.5
916,3/16/19,3936.5,1303.5
917,3/17/19,4015.95,1303.5
918,3/18/19,3994.92,1305.6
919,3/19/19,3998.77,1307.7
920,3/20/19,4029.11,1303.7
921,3/21/19,4056.4,1309.6
922,3/22/19,3992.34,1311.3
923,3/23/19,3999.06,1311.3
924,3/24/19,4011.92,1311.3
925,3/25/19,3994.11,1319.55
926,3/26/19,3935.89,1316.3
927,3/27/19,3947.74,1309.7
928,3/28/19,4048.51,1295.15
929,3/29/19,4037.37,1295.4
930,3/30/19,4115.55,1295.4
931,3/31/19,4114.44,1295.4
932,4/1/19,4114.16,1293.5
933,4/2/19,4152.53,1290.3
934,4/3/19,4882.88,1290.45
935,4/4/19,4959.81,1283.15
936,4/5/19,4911.24,1288.45
937,4/6/19,5028.77,1288.45
938,4/7/19,5053.52,1288.45
939,4/8/19,5189.39,1300.0
940,4/9/19,5268.71,1303.0
941,4/10/19,5175.81,1305.45
942,4/11/19,5310.18,1298.8
943,4/12/19,5035.02,1294.3
944,4/13/19,5072.85,1294.3
945,4/14/19,5064.62,1294.3
946,4/15/19,5152.51,1285.65
947,4/16/19,5036.18,1276.35
948,4/17/19,5196.65,1275.85
949,4/18/19,5220.37,1275.7
950,4/19/19,5276.31,1275.7
951,4/20/19,5277.04,1275.7
952,4/21/19,5309.28,1275.7
953,4/22/19,5281.83,1275.7
954,4/23/19,5377.19,1269.5
955,4/24/19,5518.16,1271.65
956,4/25/19,5434.19,1280.8
957,4/26/19,5195.61,1284.2
958,4/27/19,5292.83,1284.2
959,4/28/19,5280.19,1284.2
960,4/29/19,5301.29,1279.5
961,4/30/19,5260.65,1282.3
962,5/1/19,5269.79,1283.8
963,5/2/19,5326.67,1270.95
964,5/3/19,5390.16,1278.55
965,5/4/19,5657.14,1278.55
966,5/5/19,5771.08,1278.55
967,5/6/19,5717.66,1278.55
968,5/7/19,5684.47,1281.2
969,5/8/19,5755.72,1285.2
970,5/9/19,5936.72,1286.1
971,5/10/19,6146.91,1287.1
972,5/11/19,6348.02,1287.1
973,5/12/19,7248.31,1287.1
974,5/13/19,6978.63,1295.6
975,5/14/19,7823.11,1298.4
976,5/15/19,7992.69,1299.1
977,5/16/19,8206.9,1291.7
978,5/17/19,7885.96,1280.8
979,5/18/19,7362.22,1280.8
980,5/19/19,7265.05,1280.8
981,5/20/19,8193.7,1276.85
982,5/21/19,8007.03,1271.15
983,5/22/19,7952.5,1273.8
984,5/23/19,7625.93,1283.65
985,5/24/19,7880.29,1282.5
986,5/25/19,8003.26,1282.5
987,5/26/19,8071.45,1282.5
988,5/27/19,8744.42,1282.5
989,5/28/19,8770.06,1278.3
990,5/29/19,8719.88,1281.65
991,5/30/19,8662.98,1280.95
992,5/31/19,8272.46,1295.55
993,6/1/19,8553.81,1295.55
994,6/2/19,8554.8,1295.55
995,6/3/19,8739.03,1317.1
996,6/4/19,8134.92,1324.25
997,6/5/19,7675.8,1335.05
998,6/6/19,7786.04,1335.5
999,6/7/19,7803.23,1340.65
1000,6/8/19,7998.29,1340.65
1001,6/9/19,7931.34,1340.65
1002,6/10/19,7640.61,1328.6
1003,6/11/19,8020.38,1324.3
1004,6/12/19,7917.58,1332.35
1005,6/13/19,8173.06,1335.9
1006,6/14/19,8237.88,1351.25
1007,6/15/19,8693.6,1351.25
1008,6/16/19,8859.47,1351.25
1009,6/17/19,8978.99,1341.3
1010,6/18/19,9327.48,1341.35
1011,6/19/19,9076.18,1344.05
1012,6/20/19,9281.7,1379.5
1013,6/21/19,9531.35,1397.15
1014,6/22/19,10209.38,1397.15
1015,6/23/19,10668.63,1397.15
1016,6/24/19,10814.48,1405.7
1017,6/25/19,11017.5,1431.4
1018,6/26/19,11766.4,1403.95
1019,6/27/19,12932.55,1402.5
1020,6/28/19,11132.85,1409.0
1021,6/29/19,12374.35,1409.0
1022,6/30/19,11890.38,1409.0
1023,7/1/19,10737.73,1390.1
1024,7/2/19,10578.72,1391.05
1025,7/3/19,10805.4,1413.5
1026,7/4/19,11984.76,1414.9
1027,7/5/19,11160.49,1388.65
1028,7/6/19,10955.16,1388.65
1029,7/7/19,11232.04,1388.65
1030,7/8/19,11477.01,1400.1
1031,7/9/19,12313.08,1391.55
1032,7/10/19,12586.78,1408.3
1033,7/11/19,12099.9,1413.75
1034,7/12/19,11352.87,1407.6
1035,7/13/19,11803.97,1407.6
1036,7/14/19,11389.1,1407.6
1037,7/15/19,10186.96,1412.4
1038,7/16/19,10873.5,1409.85
1039,7/17/19,9397.72,1410.35
1040,7/18/19,9674.28,1417.45
1041,7/19/19,10638.56,1439.7
1042,7/20/19,10535.75,1439.7
1043,7/21/19,10764.9,1439.7
1044,7/22/19,10587.41,1427.75
1045,7/23/19,10323.62,1425.55
1046,7/24/19,9844.3,1426.95
1047,7/25/19,9772.17,1416.1
1048,7/26/19,9875.17,1420.4
1049,7/27/19,9848.65,1420.4
1050,7/28/19,9473.99,1420.4
1051,7/29/19,9530.0,1419.05
1052,7/30/19,9501.33,1425.9
1053,7/31/19,9589.13,1427.55
1054,8/1/19,10084.7,1406.8
1055,8/2/19,10407.17,1441.75
1056,8/3/19,10529.55,1441.75
1057,8/4/19,10814.57,1441.75
1058,8/5/19,10980.23,1465.25
1059,8/6/19,11787.99,1465.25
1060,8/7/19,11465.67,1506.05
1061,8/8/19,11960.82,1495.75
1062,8/9/19,11996.41,1497.7
1063,8/10/19,11856.64,1497.7
1064,8/11/19,11282.22,1497.7
1065,8/12/19,11566.84,1504.7
1066,8/13/19,11386.26,1498.4
1067,8/14/19,10858.12,1513.25
1068,8/15/19,10016.96,1515.65
1069,8/16/19,10302.17,1515.25
1070,8/17/19,10359.44,1515.25
1071,8/18/19,10214.52,1515.25
1072,8/19/19,10317.6,1496.6
1073,8/20/19,10917.26,1504.55
1074,8/21/19,10760.56,1503.25
1075,8/22/19,10129.4,1502.05
1076,8/23/19,10111.98,1503.8
1077,8/24/19,10405.81,1503.8
1078,8/25/19,10143.8,1503.8
1079,8/26/19,10135.06,1503.8
1080,8/27/19,10360.28,1532.95
1081,8/28/19,10171.95,1537.15
1082,8/29/19,9717.82,1540.2
1083,8/30/19,9484.55,1528.4
1084,8/31/19,9577.99,1528.4
1085,9/1/19,9600.9,1528.4
1086,9/2/19,9769.79,1525.95
1087,9/3/19,10386.64,1537.85
1088,9/4/19,10621.29,1546.1
1089,9/5/19,10584.16,1529.1
1090,9/6/19,10577.8,1523.7
1091,9/7/19,10317.47,1523.7
1092,9/8/19,10487.21,1523.7
1093,9/9/19,10406.31,1509.2
1094,9/10/19,10313.66,1498.25
1095,9/11/19,10101.03,1490.65
1096,9/12/19,10159.32,1515.2
1097,9/13/19,10420.16,1503.1
1098,9/14/19,10363.9,1503.1
1099,9/15/19,10361.33,1503.1
1100,9/16/19,10310.43,1497.2
1101,9/17/19,10265.63,1502.1
1102,9/18/19,10190.36,1503.5
1103,9/19/19,10157.59,1500.7
1104,9/20/19,10275.88,1501.9
1105,9/21/19,10173.11,1501.9
1106,9/22/19,9979.49,1501.9
1107,9/23/19,10033.05,1522.1
1108,9/24/19,9683.38,1520.65
1109,9/25/19,8553.61,1528.75
1110,9/26/19,8432.23,1506.4
1111,9/27/19,8055.64,1489.9
1112,9/28/19,8193.9,1489.9
1113,9/29/19,8225.0,1489.9
1114,9/30/19,8056.74,1485.3
1115,10/1/19,8307.74,1473.45
1116,10/2/19,8322.92,1492.6
1117,10/3/19,8382.03,1517.1
1118,10/4/19,8236.17,1499.15
1119,10/5/19,8155.48,1499.15
1120,10/6/19,8147.69,1499.15
1121,10/7/19,7869.74,1501.25
1122,10/8/19,8212.02,1505.85
1123,10/9/19,8190.0,1507.25
1124,10/10/19,8587.92,1494.8
1125,10/11/19,8586.9,1479.15
1126,10/12/19,8269.73,1479.15
1127,10/13/19,8308.01,1479.15
1128,10/14/19,8283.76,1490.6
1129,10/15/19,8353.54,1487.8
1130,10/16/19,8162.16,1485.1
1131,10/17/19,8002.51,1492.65
1132,10/18/19,8076.78,1490.0
1133,10/19/19,7954.15,1490.0
1134,10/20/19,7960.04,1490.0
1135,10/21/19,8231.06,1491.65
1136,10/22/19,8222.52,1485.35
1137,10/23/19,8026.76,1494.45
1138,10/24/19,7469.56,1496.55
1139,10/25/19,7431.88,1513.45
1140,10/26/19,8666.79,1513.45
1141,10/27/19,9259.8,1513.45
1142,10/28/19,9551.54,1492.4
1143,10/29/19,9218.76,1486.75
1144,10/30/19,9433.35,1492.1
1145,10/31/19,9164.62,1510.95
1146,11/1/19,9147.98,1508.8
1147,11/2/19,9252.99,1508.8
1148,11/3/19,9301.18,1508.8
1149,11/4/19,9206.16,1509.45
1150,11/5/19,9418.05,1488.95
1151,11/6/19,9310.19,1486.05
1152,11/7/19,9343.34,1484.25
1153,11/8/19,9204.24,1464.15
1154,11/9/19,8766.04,1464.15
1155,11/10/19,8809.41,1464.15
1156,11/11/19,9037.12,1458.7
1157,11/12/19,8717.81,1452.05
1158,11/13/19,8801.52,1462.9
1159,11/14/19,8762.42,1466.65
1160,11/15/19,8632.32,1466.9
1161,11/16/19,8457.69,1466.9
1162,11/17/19,8482.7,1466.9
1163,11/18/19,8503.93,1467.65
1164,11/19/19,8175.99,1468.45
1165,11/20/19,8120.8,1471.7
1166,11/21/19,8081.81,1467.05
1167,11/22/19,7617.07,1464.45
1168,11/23/19,7286.35,1464.45
1169,11/24/19,7324.03,1464.45
1170,11/25/19,6907.4,1458.4
1171,11/26/19,7130.25,1454.65
1172,11/27/19,7163.63,1454.35
1173,11/28/19,7523.83,1454.65
1174,11/29/19,7431.0,1460.15
1175,11/30/19,7757.47,1460.15
1176,12/1/19,7557.72,1460.15
1177,12/2/19,7402.69,1461.15
1178,12/3/19,7309.59,1477.3
1179,12/4/19,7296.77,1475.1
1180,12/5/19,7192.85,1475.95
1181,12/6/19,7395.97,1459.65
1182,12/7/19,7547.19,1459.65
1183,12/8/19,7504.83,1459.65
1184,12/9/19,7522.39,1461.7
1185,12/10/19,7337.42,1464.95
1186,12/11/19,7220.76,1466.8
1187,12/12/19,7202.31,1467.8
1188,12/13/19,7189.16,1466.6
1189,12/14/19,7251.87,1466.6
1190,12/15/19,7067.74,1466.6
1191,12/16/19,7111.14,1477.9
1192,12/17/19,6879.54,1475.8
1193,12/18/19,6612.12,1474.05
1194,12/19/19,7284.29,1476.7
1195,12/20/19,7150.86,1479.0
1196,12/21/19,7190.17,1479.0
1197,12/22/19,7143.2,1479.0
1198,12/23/19,7514.41,1482.1
1199,12/24/19,7322.08,1496.8
1200,12/25/19,7250.69,1496.8
1201,12/26/19,7192.72,1496.8
1202,12/27/19,7194.4,1511.5
1203,12/28/19,7243.93,1511.5
1204,12/29/19,7301.07,1511.5
1205,12/30/19,7385.36,1514.75
1206,12/31/19,7219.6,1520.925
1207,1/1/20,7168.31,1520.925
1208,1/2/20,7175.68,1527.1
1209,1/3/20,6944.33,1548.75
1210,1/4/20,7326.35,1548.75
1211,1/5/20,7347.89,1548.75
1212,1/6/20,7351.57,1573.1
1213,1/7/20,7759.24,1567.85
1214,1/8/20,8165.47,1571.95
1215,1/9/20,8042.65,1550.75
1216,1/10/20,7817.92,1553.6
1217,1/11/20,8184.66,1553.6
1218,1/12/20,8021.49,1553.6
1219,1/13/20,8173.97,1549.9
1220,1/14/20,8105.24,1545.1
1221,1/15/20,8842.42,1549.0
1222,1/16/20,8813.89,1554.55
1223,1/17/20,8722.03,1557.6
1224,1/18/20,8900.34,1557.6
1225,1/19/20,8910.85,1557.6
1226,1/20/20,8703.36,1560.15
1227,1/21/20,8626.47,1551.3
1228,1/22/20,8722.26,1556.9
1229,1/23/20,8658.94,1562.9
1230,1/24/20,8388.11,1564.3
1231,1/25/20,8428.17,1564.3
1232,1/26/20,8327.36,1564.3
1233,1/27/20,8588.42,1580.1
1234,1/28/20,8895.78,1574.0
1235,1/29/20,9385.69,1573.45
1236,1/30/20,9279.81,1578.25
1237,1/31/20,9502.37,1584.2
1238,2/1/20,9333.77,1584.2
1239,2/2/20,9378.09,1584.2
1240,2/3/20,9314.56,1574.75
1241,2/4/20,9162.14,1558.35
1242,2/5/20,9162.14,1553.3
1243,2/6/20,9614.9,1563.3
1244,2/7/20,9755.66,1572.65
1245,2/8/20,9807.54,1572.65
1246,2/9/20,9907.12,1572.65
1247,2/10/20,10162.41,1573.2
1248,2/11/20,9854.79,1570.5
1249,2/12/20,10275.38,1563.7
1250,2/13/20,10354.3,1575.05
1251,2/14/20,10242.43,1581.4
1252,2/15/20,10368.53,1581.4
1253,2/16/20,9904.17,1581.4
1254,2/17/20,9937.67,1580.8
1255,2/18/20,9703.93,1589.85
1256,2/19/20,10180.65,1604.2
1257,2/20/20,9604.72,1619.0
1258,2/21/20,9606.86,1643.3
1259,2/22/20,9696.58,1643.3
1260,2/23/20,9669.63,1643.3
1261,2/24/20,9989.39,1671.65
1262,2/25/20,9663.75,1650.3
1263,2/26/20,9309.15,1634.9
1264,2/27/20,8785.52,1652.0
1265,2/28/20,8804.72,1609.85
1266,2/29/20,8712.35,1609.85
1267,3/1/20,8534.17,1609.85
1268,3/2/20,8912.82,1599.65
1269,3/3/20,8912.82,1615.5
1270,3/4/20,8754.34,1641.85
1271,3/5/20,8758.9,1659.6
1272,3/6/20,9067.39,1683.65
1273,3/7/20,9155.89,1683.65
1274,3/8/20,8898.63,1683.65
1275,3/9/20,8039.38,1672.5
1276,3/10/20,7931.94,1655.7
1277,3/11/20,7885.46,1653.75
1278,3/12/20,7936.65,1570.7
1279,3/13/20,4830.21,1562.8
1280,3/14/20,5609.03,1562.8
1281,3/15/20,5166.26,1562.8
1282,3/16/20,5348.44,1487.7
1283,3/17/20,5026.35,1536.2
1284,3/18/20,5357.61,1498.2
1285,3/19/20,5410.23,1474.25
1286,3/20/20,6195.2,1494.4
1287,3/21/20,6226.44,1494.4
1288,3/22/20,6189.85,1494.4
1289,3/23/20,5822.62,1525.4
1290,3/24/20,6502.16,1605.75
1291,3/25/20,6768.49,1605.45
1292,3/26/20,6698.46,1634.8
1293,3/27/20,6763.75,1617.3
1294,3/28/20,6369.09,1617.3
1295,3/29/20,6260.95,1617.3
1296,3/30/20,5885.41,1618.3
1297,3/31/20,6405.29,1608.95
1298,4/1/20,6428.28,1576.55
1299,4/2/20,6652.87,1616.8
1300,4/3/20,6809.11,1613.1
1301,4/4/20,6741.67,1613.1
1302,4/5/20,6871.69,1613.1
1303,4/6/20,6777.44,1648.3
1304,4/7/20,7343.2,1649.25
1305,4/8/20,7205.55,1647.8
1306,4/9/20,7365.03,1680.65
1307,4/10/20,7293.69,1680.65
1308,4/11/20,6873.24,1680.65
1309,4/12/20,6891.6,1680.65
1310,4/13/20,6915.37,1680.65
1311,4/14/20,6857.66,1741.9
1312,4/15/20,6871.95,1718.65
1313,4/16/20,6623.8,1729.5
1314,4/17/20,7112.27,1692.55
1315,4/18/20,7034.89,1692.55
1316,4/19/20,7259.36,1692.55
1317,4/20/20,7130.04,1686.2
1318,4/21/20,6840.24,1682.05
1319,4/22/20,6852.52,1710.55
1320,4/23/20,7130.99,1736.25
1321,4/24/20,7477.6,1715.9
1322,4/25/20,7507.08,1715.9
1323,4/26/20,7549.52,1715.9
1324,4/27/20,7699.27,1714.95
1325,4/28/20,7790.66,1691.55
1326,4/29/20,7765.33,1703.35
1327,4/30/20,8777.63,1702.75
1328,5/1/20,8628.77,1686.25
1329,5/2/20,8824.66,1686.25
1330,5/3/20,8973.82,1686.25
1331,5/4/20,8903.95,1709.1
1332,5/5/20,8885.93,1699.55
1333,5/6/20,9030.96,1691.5
1334,5/7/20,9170.79,1704.05
1335,5/8/20,10002.48,1704.05
1336,5/9/20,9821.8,1704.05
1337,5/10/20,9527.39,1704.05
1338,5/11/20,8754.46,1702.75
1339,5/12/20,8617.25,1702.4
1340,5/13/20,8814.53,1708.4
1341,5/14/20,9305.93,1731.6
1342,5/15/20,9790.31,1735.35
1343,5/16/20,9303.59,1735.35
1344,5/17/20,9385.7,1735.35
1345,5/18/20,9669.4,1734.7
1346,5/19/20,9719.37,1737.95
1347,5/20/20,9785.74,1748.3
1348,5/21/20,9510.67,1724.9
1349,5/22/20,9057.57,1733.55
1350,5/23/20,9167.26,1733.55
1351,5/24/20,9178.32,1733.55
1352,5/25/20,8730.73,1733.55
1353,5/26/20,8899.66,1720.25
1354,5/27/20,8842.85,1694.6
1355,5/28/20,9197.54,1717.35
1356,5/29/20,9569.21,1728.7
1357,5/30/20,9425.98,1728.7
1358,5/31/20,9698.1,1728.7
1359,6/1/20,9450.84,1730.6
1360,6/2/20,10204.23,1742.15
1361,6/3/20,9525.57,1705.35
1362,6/4/20,9658.04,1700.05
1363,6/5/20,9794.56,1683.45
1364,6/6/20,9623.75,1683.45
1365,6/7/20,9670.43,1683.45
1366,6/8/20,9753.85,1690.35
1367,6/9/20,9782.59,1713.5
1368,6/10/20,9775.15,1722.05
1369,6/11/20,9892.13,1738.25
1370,6/12/20,9286.42,1733.5
1371,6/13/20,9459.97,1733.5
1372,6/14/20,9473.5,1733.5
1373,6/15/20,9330.07,1710.45
1374,6/16/20,9426.7,1719.85
1375,6/17/20,9526.0,1724.35
1376,6/18/20,9454.81,1719.5
1377,6/19/20,9380.03,1734.75
1378,6/20/20,9300.15,1734.75
1379,6/21/20,9357.43,1734.75
1380,6/22/20,9284.78,1761.85
1381,6/23/20,9691.9,1768.9
1382,6/24/20,9621.49,1766.05
1383,6/25/20,9276.58,1756.55
1384,6/26/20,9240.85,1747.6
1385,6/27/20,9154.45,1747.6
1386,6/28/20,9004.23,1747.6
1387,6/29/20,9127.47,1771.6
1388,6/30/20,9185.35,1768.1
1389,7/1/20,9133.97,1771.05
1390,7/2/20,9236.38,1777.45
1391,7/3/20,9087.98,1772.9
1392,7/4/20,9072.42,1772.9
1393,7/5/20,9131.31,1772.9
1394,7/6/20,9089.09,1787.9
1395,7/7/20,9348.91,1789.55
1396,7/8/20,9256.23,1811.1
1397,7/9/20,9440.07,1812.1
1398,7/10/20,9238.04,1803.1
1399,7/11/20,9287.4,1803.1
1400,7/12/20,9235.96,1803.1
1401,7/13/20,9295.9,1807.5
1402,7/14/20,9238.13,1801.9
1403,7/15/20,9254.52,1804.6
1404,7/16/20,9193.51,1807.7
1405,7/17/20,9131.0,1807.35
1406,7/18/20,9154.19,1807.35
1407,7/19/20,9174.71,1807.35
1408,7/20/20,9214.66,1815.65
1409,7/21/20,9163.87,1842.55
1410,7/22/20,9392.66,1852.4
1411,7/23/20,9537.4,1878.3
1412,7/24/20,9613.11,1902.1
1413,7/25/20,9551.28,1902.1
1414,7/26/20,9707.5,1902.1
1415,7/27/20,9938.83,1936.65
1416,7/28/20,11042.4,1940.9
1417,7/29/20,10934.94,1950.9
1418,7/30/20,11102.67,1957.65
1419,7/31/20,11114.93,1964.9
1420,8/1/20,11343.88,1964.9
1421,8/2/20,11823.69,1964.9
1422,8/3/20,11077.77,1958.55
1423,8/4/20,11242.57,1977.9
1424,8/5/20,11194.25,2048.15
1425,8/6/20,11750.28,2067.15
1426,8/7/20,11772.94,2031.15
1427,8/8/20,11605.6,2031.15
1428,8/9/20,11767.6,2031.15
1429,8/10/20,11684.06,2044.5
1430,8/11/20,11893.03,1939.65
1431,8/12/20,11392.43,1931.9
1432,8/13/20,11573.11,1944.25
1433,8/14/20,11777.43,1944.75
1434,8/15/20,11774.38,1944.75
1435,8/16/20,11873.98,1944.75
1436,8/17/20,11914.01,1972.85
1437,8/18/20,12293.72,2008.75
1438,8/19/20,11969.53,1981.0
1439,8/20/20,11734.0,1927.15
1440,8/21/20,11865.82,1924.35
1441,8/22/20,11522.8,1924.35
1442,8/23/20,11683.44,1924.35
1443,8/24/20,11653.02,1943.95
1444,8/25/20,11763.93,1911.15
1445,8/26/20,11337.4,1932.95
1446,8/27/20,11467.37,1923.85
1447,8/28/20,11302.01,1957.35
1448,8/29/20,11534.75,1957.35
1449,8/30/20,11481.64,1957.35
1450,8/31/20,11707.78,1957.35
1451,9/1/20,11659.57,1972.35
1452,9/2/20,11923.25,1947.05
1453,9/3/20,11397.44,1940.45
1454,9/4/20,10187.51,1926.3
1455,9/5/20,10467.89,1926.3
1456,9/6/20,10159.62,1926.3
1457,9/7/20,10254.93,1928.45
1458,9/8/20,10367.74,1910.95
1459,9/9/20,10121.52,1947.2
1460,9/10/20,10227.83,1966.25
1461,9/11/20,10352.66,1947.4
1462,9/12/20,10395.44,1947.4
1463,9/13/20,10446.44,1947.4
1464,9/14/20,10330.77,1958.7
1465,9/15/20,10674.64,1949.35
1466,9/16/20,10785.62,1961.8
1467,9/17/20,10948.43,1936.25
1468,9/18/20,10943.89,1950.85
1469,9/19/20,10931.79,1950.85
1470,9/20/20,11081.43,1950.85
1471,9/21/20,10919.65,1909.35
1472,9/22/20,10430.46,1906.0
1473,9/23/20,10532.22,1873.4
1474,9/24/20,10234.48,1861.75
1475,9/25/20,10732.43,1859.7
1476,9/26/20,10692.84,1859.7
1477,9/27/20,10732.4,1859.7
1478,9/28/20,10774.24,1864.3
1479,9/29/20,10692.33,1883.95
1480,9/30/20,10840.8,1886.9
1481,10/1/20,10777.92,1902.0
1482,10/2/20,10619.24,1903.05
1483,10/3/20,10575.06,1903.05
1484,10/4/20,10551.77,1903.05
1485,10/5/20,10673.46,1909.6
1486,10/6/20,10788.56,1913.4
1487,10/7/20,10603.74,1884.5
1488,10/8/20,10670.8,1887.45
1489,10/9/20,10923.3,1923.25
1490,10/10/20,11063.19,1923.25
1491,10/11/20,11302.67,1923.25
1492,10/12/20,11376.61,1925.5
1493,10/13/20,11540.04,1891.3
1494,10/14/20,11428.24,1910.05
1495,10/15/20,11431.32,1891.9
1496,10/16/20,11503.73,1905.05
1497,10/17/20,11327.57,1905.05
1498,10/18/20,11366.51,1905.05
1499,10/19/20,11508.2,1905.6
1500,10/20/20,11758.16,1898.4
1501,10/21/20,11925.46,1924.15
1502,10/22/20,12831.56,1900.95
1503,10/23/20,12990.25,1903.65
1504,10/24/20,12944.52,1903.65
1505,10/25/20,13128.46,1903.65
1506,10/26/20,13036.77,1898.45
1507,10/27/20,13076.37,1905.7
1508,10/28/20,13651.47,1869.95
1509,10/29/20,13289.0,1870.3
1510,10/30/20,13458.66,1881.85
1511,10/31/20,13564.72,1881.85
1512,11/1/20,13810.32,1881.85
1513,11/2/20,13758.88,1889.9
1514,11/3/20,13575.17,1908.3
1515,11/4/20,14023.31,1900.15
1516,11/5/20,14155.59,1938.45
1517,11/6/20,15591.39,1940.8
1518,11/7/20,15595.77,1940.8
1519,11/8/20,14839.84,1940.8
1520,11/9/20,15490.6,1867.3
1521,11/10/20,15328.53,1878.7
1522,11/11/20,15317.04,1860.95
1523,11/12/20,15708.65,1874.85
1524,11/13/20,16295.57,1890.9
1525,11/14/20,16339.33,1890.9
1526,11/15/20,16091.07,1890.9
1527,11/16/20,15968.16,1885.6
1528,11/17/20,16725.15,1889.05
1529,11/18/20,17679.72,1876.1
1530,11/19/20,17798.45,1857.35
1531,11/20/20,17820.57,1875.7
1532,11/21/20,18687.45,1875.7
1533,11/22/20,18699.75,1875.7
1534,11/23/20,18422.28,1840.2
1535,11/24/20,18398.91,1799.6
1536,11/25/20,19172.52,1810.2
1537,11/26/20,18739.8,1807.4
1538,11/27/20,17151.44,1779.3
1539,11/28/20,17138.87,1779.3
1540,11/29/20,17732.42,1779.3
1541,11/30/20,18191.6,1762.55
1542,12/1/20,19709.73,1810.75
1543,12/2/20,18792.52,1822.6
1544,12/3/20,19226.97,1832.35
1545,12/4/20,19454.54,1843.0
1546,12/5/20,18670.49,1843.0
1547,12/6/20,19155.06,1843.0
1548,12/7/20,19377.66,1859.95
1549,12/8/20,19181.41,1868.15
1550,12/9/20,18318.87,1841.75
1551,12/10/20,18554.15,1844.35
1552,12/11/20,18247.76,1842.0
1553,12/12/20,18029.36,1842.0
1554,12/13/20,18803.44,1842.0
1555,12/14/20,19164.48,1831.15
1556,12/15/20,19276.59,1850.65
1557,12/16/20,19439.75,1851.95
1558,12/17/20,21379.48,1890.75
1559,12/18/20,22847.46,1879.75
1560,12/19/20,23150.79,1879.75
1561,12/20/20,23869.92,1879.75
1562,12/21/20,23490.58,1880.0
1563,12/22/20,22745.48,1877.1
1564,12/23/20,23824.99,1875.0
1565,12/24/20,23253.37,1874.65
1566,12/25/20,23715.53,1874.65
1567,12/26/20,24693.58,1874.65
1568,12/27/20,26443.21,1874.65
1569,12/28/20,26246.58,1874.65
1570,12/29/20,27036.69,1874.3
1571,12/30/20,27376.37,1887.6
1572,12/31/20,28856.59,1915.4
1573,1/1/21,28982.56,1915.4
1574,1/2/21,29393.75,1915.4
1575,1/3/21,32195.46,1915.4
1576,1/4/21,33000.78,1943.2
1577,1/5/21,32035.03,1940.35
1578,1/6/21,34046.67,1931.95
1579,1/7/21,36860.41,1920.1
1580,1/8/21,39486.04,1862.9
1581,1/9/21,40670.25,1862.9
1582,1/10/21,40240.72,1862.9
1583,1/11/21,38240.09,1847.25
1584,1/12/21,35544.94,1841.25
1585,1/13/21,34011.82,1858.85
1586,1/14/21,37393.13,1841.75
1587,1/15/21,39158.47,1839.0
1588,1/16/21,36828.52,1839.0
1589,1/17/21,36065.2,1839.0
1590,1/18/21,35793.01,1833.05
1591,1/19/21,36632.35,1834.7
1592,1/20/21,36020.13,1856.6
1593,1/21/21,35538.98,1862.1
1594,1/22/21,30797.88,1852.7
1595,1/23/21,33002.38,1852.7
1596,1/24/21,32099.74,1852.7
1597,1/25/21,32276.84,1856.85
1598,1/26/21,32243.26,1856.6
1599,1/27/21,32541.8,1843.0
1600,1/28/21,30419.17,1853.7
1601,1/29/21,33403.17,1863.8
1602,1/30/21,34314.26,1863.8
1603,1/31/21,34318.1,1863.8
1604,2/1/21,33136.46,1862.95
1605,2/2/21,33522.9,1833.1
1606,2/3/21,35529.66,1835.45
1607,2/4/21,37676.25,1785.9
1608,2/5/21,37002.09,1802.95
1609,2/6/21,38278.61,1802.95
1610,2/7/21,39323.26,1802.95
1611,2/8/21,38928.1,1835.25
1612,2/9/21,46364.3,1839.6
1613,2/10/21,46589.58,1842.65
1614,2/11/21,44878.17,1840.1
1615,2/12/21,48013.38,1816.35
1616,2/13/21,47471.4,1816.35
1617,2/14/21,47185.19,1816.35
1618,2/15/21,48720.37,1817.3
1619,2/16/21,47951.85,1794.25
1620,2/17/21,49160.1,1780.7
1621,2/18/21,52118.23,1773.15
1622,2/19/21,51608.15,1786.2
1623,2/20/21,55916.5,1786.2
1624,2/21/21,56001.2,1786.2
1625,2/22/21,57487.86,1807.45
1626,2/23/21,54123.4,1799.65
1627,2/24/21,48880.43,1788.0
1628,2/25/21,50624.84,1779.65
1629,2/26/21,46800.42,1742.85
1630,2/27/21,46340.31,1742.85
1631,2/28/21,46155.87,1742.85
1632,3/1/21,45113.92,1734.15
1633,3/2/21,49618.43,1723.85
1634,3/3/21,48356.04,1711.4
1635,3/4/21,50477.7,1712.1
1636,3/5/21,48448.91,1696.25
1637,3/6/21,48861.38,1696.25
1638,3/7/21,48881.59,1696.25
1639,3/8/21,51169.7,1687.05
1640,3/9/21,52299.33,1716.9
1641,3/10/21,54881.52,1716.2
1642,3/11/21,55997.23,1724.25
1643,3/12/21,57764.0,1704.8
1644,3/13/21,57253.28,1704.8
1645,3/14/21,61258.73,1704.8
1646,3/15/21,59133.47,1723.65
1647,3/16/21,55754.72,1735.0
1648,3/17/21,56872.38,1729.65
1649,3/18/21,58913.0,1725.9
1650,3/19/21,57665.9,1735.2
1651,3/20/21,58075.1,1735.2
1652,3/21/21,58085.8,1735.2
1653,3/22/21,57411.17,1736.15
1654,3/23/21,54204.96,1726.2
1655,3/24/21,54477.46,1730.5
1656,3/25/21,52508.23,1737.3
1657,3/26/21,51415.92,1731.8
1658,3/27/21,55074.47,1731.8
1659,3/28/21,55863.93,1731.8
1660,3/29/21,55783.71,1705.95
1661,3/30/21,57627.67,1683.95
1662,3/31/21,58730.13,1691.05
1663,4/1/21,58735.25,1726.05
1664,4/2/21,58736.92,1726.05
1665,4/3/21,59031.32,1726.05
1666,4/4/21,57076.49,1726.05
1667,4/5/21,58206.55,1726.05
1668,4/6/21,59054.1,1744.65
1669,4/7/21,58020.46,1738.05
1670,4/8/21,55947.27,1755.5
1671,4/9/21,58048.59,1741.2
1672,4/10/21,58102.58,1741.2
1673,4/11/21,59774.0,1741.2
1674,4/12/21,59964.87,1732.85
1675,4/13/21,59834.74,1747.95
1676,4/14/21,63554.44,1735.55
1677,4/15/21,62969.12,1757.2
1678,4/16/21,63252.63,1774.45
1679,4/17/21,61455.98,1774.45
1680,4/18/21,60087.09,1774.45
1681,4/19/21,56251.48,1774.5
1682,4/20/21,55703.14,1777.85
1683,4/21/21,56507.91,1798.2
1684,4/22/21,53808.8,1787.75
1685,4/23/21,51731.71,1781.8
1686,4/24/21,51153.13,1781.8
1687,4/25/21,50110.53,1781.8
1688,4/26/21,49075.58,1773.35
1689,4/27/21,54056.64,1784.15
1690,4/28/21,55071.46,1772.2
1691,4/29/21,54884.1,1762.65
1692,4/30/21,53584.15,1767.65
1693,5/1/21,57796.62,1767.65
1694,5/2/21,57857.5,1767.65
1695,5/3/21,56610.46,1767.65
1696,5/4/21,57213.33,1797.75
1697,5/5/21,53241.72,1782.25
1698,5/6/21,57473.23,1813.15
1699,5/7/21,56428.16,1836.55
1700,5/8/21,57380.27,1836.55
1701,5/9/21,58928.81,1836.55
1702,5/10/21,58280.73,1840.45
1703,5/11/21,55883.5,1829.1
1704,5/12/21,56750.0,1830.7
1705,5/13/21,49007.09,1821.8
1706,5/14/21,49702.27,1838.1
1707,5/15/21,49922.52,1838.1
1708,5/16/21,46736.58,1838.1
1709,5/17/21,46441.64,1853.7
1710,5/18/21,43596.24,1866.75
1711,5/19/21,42912.19,1888.45
1712,5/20/21,36964.27,1878.3
1713,5/21/21,40784.32,1875.9
1714,5/22/21,37280.35,1875.9
1715,5/23/21,37528.3,1875.9
1716,5/24/21,34754.54,1880.15
1717,5/25/21,38728.59,1887.0
1718,5/26/21,38410.5,1899.75
1719,5/27/21,39266.04,1891.45
1720,5/28/21,38445.29,1899.95
1721,5/29/21,35689.62,1899.95
1722,5/30/21,34647.67,1899.95
1723,5/31/21,35684.59,1899.95
1724,6/1/21,37310.54,1899.35
1725,6/2/21,36662.64,1902.75
1726,6/3/21,37585.24,1866.55
1727,6/4/21,39188.59,1890.6
1728,6/5/21,36885.51,1890.6
1729,6/6/21,35530.38,1890.6
1730,6/7/21,35816.17,1888.4
1731,6/8/21,33514.87,1893.15
1732,6/9/21,33450.19,1894.6
1733,6/10/21,37338.36,1888.65
1734,6/11/21,36704.57,1881.05
1735,6/12/21,37313.18,1881.05
1736,6/13/21,35494.9,1881.05
1737,6/14/21,39066.82,1865.6
1738,6/15/21,40525.8,1865.1
1739,6/16/21,40188.56,1860.75
1740,6/17/21,38324.87,1778.7
1741,6/18/21,38068.04,1773.1
1742,6/19/21,35729.82,1773.1
1743,6/20/21,35524.17,1773.1
1744,6/21/21,35592.35,1775.05
1745,6/22/21,31686.55,1775.05
1746,6/23/21,32447.59,1791.6
1747,6/24/21,33674.66,1784.85
1748,6/25/21,34639.38,1786.65
1749,6/26/21,31640.58,1786.65
1750,6/27/21,32160.91,1786.65
1751,6/28/21,34644.45,1780.3
1752,6/29/21,34456.67,1755.45
1753,6/30/21,35847.7,1763.15
1754,7/1/21,35047.36,1781.5
1755,7/2/21,33536.88,1786.15
1756,7/3/21,33856.86,1786.15
1757,7/4/21,34688.98,1786.15
1758,7/5/21,35309.3,1791.35
1759,7/6/21,33747.97,1809.85
1760,7/7/21,34211.01,1804.65
1761,7/8/21,33839.04,1807.7
1762,7/9/21,32877.41,1806.0
1763,7/10/21,33818.52,1806.0
1764,7/11/21,33515.57,1806.0
1765,7/12/21,34227.64,1792.4
1766,7/13/21,33158.25,1813.85
1767,7/14/21,32686.56,1823.2
1768,7/15/21,32814.61,1823.75
1769,7/16/21,31738.59,1824.3
1770,7/17/21,31421.25,1824.3
1771,7/18/21,31520.66,1824.3
1772,7/19/21,31783.49,1814.9
1773,7/20/21,30815.94,1823.05
1774,7/21/21,29790.24,1802.15
1775,7/22/21,32118.06,1799.45
1776,7/23/21,32297.89,1799.6
1777,7/24/21,33581.63,1799.6
1778,7/25/21,34279.34,1799.6
1779,7/26/21,35365.2,1800.2
1780,7/27/21,37318.14,1800.35
1781,7/28/21,39405.95,1796.6
1782,7/29/21,40002.53,1829.3
1783,7/30/21,40005.93,1825.75
1784,7/31/21,42214.15,1825.75
1785,8/1/21,41659.06,1825.75
1786,8/2/21,40000.46,1811.45
1787,8/3/21,39193.94,1812.65
1788,8/4/21,38138.0,1829.1
1789,8/5/21,39750.14,1800.75
1790,8/6/21,40882.0,1762.9
1791,8/7/21,42825.95,1762.9
1792,8/8/21,44634.13,1762.9
1793,8/9/21,43816.14,1738.85
1794,8/10/21,46333.46,1723.35
1795,8/11/21,45608.37,1743.6
1796,8/12/21,45611.46,1747.4
1797,8/13/21,44417.78,1773.85
1798,8/14/21,47833.98,1773.85
1799,8/15/21,47112.19,1773.85
1800,8/16/21,47056.41,1786.35
1801,8/17/21,45982.55,1789.45
1802,8/18/21,44648.57,1783.45
1803,8/19/21,44777.86,1782.05
1804,8/20/21,46734.65,1779.05
1805,8/21/21,49327.75,1779.05
1806,8/22/21,48932.02,1779.05
1807,8/23/21,49335.68,1802.0
1808,8/24/21,49523.5,1808.45
1809,8/25/21,47744.58,1788.7
1810,8/26/21,48972.09,1786.6
1811,8/27/21,46962.8,1798.5
1812,8/28/21,49056.86,1798.5
1813,8/29/21,48897.65,1798.5
1814,8/30/21,48806.78,1798.5
1815,8/31/21,47074.77,1814.85
1816,9/1/21,47155.87,1811.8
1817,9/2/21,48862.76,1812.55
1818,9/3/21,49329.01,1823.7
1819,9/4/21,50035.33,1823.7
1820,9/5/21,49947.38,1823.7
1821,9/6/21,51769.06,1821.6
1822,9/7/21,52677.4,1802.15
1823,9/8/21,46809.17,1786.0
1824,9/9/21,46078.38,1788.25
1825,9/10/21,46368.69,1794.6
